,date,season,year,month,holiday,day_of_the_week,workingday,weather,temp,feel_temp,humidity,wind_speed,casual,registered,count_rental
0,2011-01-01,Spring,2011,Januari,0,Sabtu,Workday,Cloudy_Misty,14.110847,14.908624999999999,80.58330000000001,0.160446,331,654,985
1,2011-01-02,Spring,2011,Januari,0,Minggu,Workday,Cloudy_Misty,14.902598000000001,14.503299000000002,69.6087,0.248539,131,670,801
2,2011-01-03,Spring,2011,Januari,0,Senin,Holiday,Clear,8.050924,7.765605,43.7273,0.248309,120,1229,1349
3,2011-01-04,Spring,2011,Januari,0,Selasa,Holiday,Clear,8.200000000000001,8.697002,59.0435,0.160296,108,1454,1562
4,2011-01-05,Spring,2011,Januari,0,Rabu,Holiday,Clear,9.305237,9.40007,43.695699999999995,0.1869,82,1518,1600
5,2011-01-06,Spring,2011,Januari,0,Kamis,Holiday,Clear,8.378268,9.561569,51.8261,0.0895652,88,1518,1606
6,2011-01-07,Spring,2011,Januari,0,Jumat,Holiday,Cloudy_Misty,8.057402,8.562399,49.8696,0.168726,148,1362,1510
7,2011-01-08,Spring,2011,Januari,0,Sabtu,Workday,Cloudy_Misty,6.765000000000001,6.652414,53.5833,0.266804,68,891,959
8,2011-01-09,Spring,2011,Januari,0,Minggu,Workday,Clear,5.671653,4.763175,43.416700000000006,0.36195,54,768,822
9,2011-01-10,Spring,2011,Januari,0,Senin,Holiday,Clear,6.184153,6.186408,48.2917,0.223267,41,1280,1321
10,2011-01-11,Spring,2011,Januari,0,Selasa,Holiday,Cloudy_Misty,6.9327309999999995,7.8500239999999994,68.6364,0.122132,43,1220,1263
11,2011-01-12,Spring,2011,Januari,0,Rabu,Holiday,Clear,7.0818069999999995,6.5793930000000005,59.954499999999996,0.304627,25,1137,1162
12,2011-01-13,Spring,2011,Januari,0,Kamis,Holiday,Clear,6.765000000000001,6.186203,47.0417,0.301,38,1368,1406
13,2011-01-14,Spring,2011,Januari,0,Jumat,Holiday,Clear,6.59567,7.724933,53.7826,0.126548,54,1367,1421
14,2011-01-15,Spring,2011,Januari,0,Sabtu,Workday,Cloudy_Misty,9.566653,10.172592,49.875,0.157963,222,1026,1248
15,2011-01-16,Spring,2011,Januari,0,Minggu,Workday,Clear,9.498347,9.602897,48.375,0.188433,251,953,1204
16,2011-01-17,Spring,2011,Januari,1,Senin,Workday,Cloudy_Misty,7.209153,7.247611000000001,53.75,0.194017,117,883,1000
17,2011-01-18,Spring,2011,Januari,0,Selasa,Holiday,Cloudy_Misty,8.883347,9.525653,86.16669999999999,0.146775,9,674,683
18,2011-01-19,Spring,2011,Januari,0,Rabu,Holiday,Cloudy_Misty,11.979134,12.235302,74.1739,0.208317,78,1572,1650
19,2011-01-20,Spring,2011,Januari,0,Kamis,Holiday,Cloudy_Misty,10.728347,10.45705,53.833299999999994,0.195904,83,1844,1927
20,2011-01-21,Spring,2011,Januari,0,Jumat,Holiday,Clear,7.2775,6.471153,45.7083,0.353242,75,1468,1543
21,2011-01-22,Spring,2011,Januari,0,Sabtu,Workday,Clear,2.4243464,3.2418536000000002,40.0,0.17197,93,888,981
22,2011-01-23,Spring,2011,Januari,0,Minggu,Workday,Clear,3.9573897000000002,4.0524031,43.6522,0.2466,150,836,986
23,2011-01-24,Spring,2011,Januari,0,Senin,Holiday,Clear,3.9930433,4.8351299999999995,49.173899999999996,0.15833,86,1330,1416
24,2011-01-25,Spring,2011,Januari,0,Selasa,Holiday,Cloudy_Misty,9.162598000000001,9.615566000000001,61.695699999999995,0.129796,186,1799,1985
25,2011-01-26,Spring,2011,Januari,0,Rabu,Holiday,Light_rain_snow,8.9175,8.3476,86.25,0.29385,34,472,506
26,2011-01-27,Spring,2011,Januari,0,Kamis,Holiday,Clear,7.995,9.0077,68.75,0.113837,15,416,431
27,2011-01-28,Spring,2011,Januari,0,Jumat,Holiday,Cloudy_Misty,8.342597999999999,9.155997,79.30430000000001,0.1233,38,1129,1167
28,2011-01-29,Spring,2011,Januari,0,Sabtu,Workday,Clear,8.057402,8.697166000000001,65.17389999999999,0.145365,123,975,1098
29,2011-01-30,Spring,2011,Januari,0,Minggu,Workday,Clear,8.877402,10.263202,72.2174,0.0739826,140,956,1096
30,2011-01-31,Spring,2011,Januari,0,Senin,Holiday,Cloudy_Misty,7.414153,7.6362499999999995,60.375,0.187192,42,1459,1501
31,2011-02-01,Spring,2011,Februari,0,Selasa,Holiday,Cloudy_Misty,7.8791340000000005,9.61573,82.9565,0.053213,47,1313,1360
32,2011-02-02,Spring,2011,Februari,0,Rabu,Holiday,Cloudy_Misty,10.66,10.431097,77.5417,0.264308,72,1454,1526
33,2011-02-03,Spring,2011,Februari,0,Kamis,Holiday,Clear,7.665237,7.292998000000001,43.7826,0.277752,61,1489,1550
34,2011-02-04,Spring,2011,Februari,0,Jumat,Holiday,Cloudy_Misty,8.663464,9.372067000000001,58.521699999999996,0.127839,88,1620,1708
35,2011-02-05,Spring,2011,Februari,0,Sabtu,Workday,Cloudy_Misty,9.566653,9.965378,92.91669999999999,0.161079,100,905,1005
36,2011-02-06,Spring,2011,Februari,0,Minggu,Workday,Clear,11.719153,11.958511000000001,56.833299999999994,0.1418,354,1269,1623
37,2011-02-07,Spring,2011,Februari,0,Senin,Holiday,Clear,11.138347,12.449978,73.83330000000001,0.0454083,120,1592,1712
38,2011-02-08,Spring,2011,Februari,0,Selasa,Holiday,Clear,9.054153,8.128086,53.7917,0.36195,64,1466,1530
39,2011-02-09,Spring,2011,Februari,0,Rabu,Holiday,Cloudy_Misty,5.526102999999999,5.915603,49.4783,0.188839,53,1552,1605
40,2011-02-10,Spring,2011,Februari,0,Kamis,Holiday,Clear,5.918268,6.131467999999999,43.7391,0.221935,47,1491,1538
41,2011-02-11,Spring,2011,Februari,0,Jumat,Holiday,Clear,7.752731000000001,8.753869,50.6364,0.10855,149,1597,1746
42,2011-02-12,Spring,2011,Februari,0,Sabtu,Workday,Clear,9.1225,9.551114,54.4167,0.203367,288,1184,1472
43,2011-02-13,Spring,2011,Februari,0,Minggu,Workday,Clear,12.977402000000001,13.288632999999999,45.7391,0.260883,397,1192,1589
44,2011-02-14,Spring,2011,Februari,0,Senin,Holiday,Clear,17.015,16.332349999999998,37.583299999999994,0.417908,208,1705,1913
45,2011-02-15,Spring,2011,Februari,0,Selasa,Holiday,Clear,10.909567000000001,10.425234,31.434800000000003,0.291374,140,1675,1815
46,2011-02-16,Spring,2011,Februari,0,Rabu,Holiday,Clear,13.048701000000001,12.9642,42.3478,0.251791,218,1897,2115
47,2011-02-17,Spring,2011,Februari,0,Kamis,Holiday,Clear,17.869153,17.574977999999998,50.5,0.230104,259,2216,2475
48,2011-02-18,Spring,2011,Februari,0,Jumat,Holiday,Clear,21.388347,20.991303,51.6667,0.264925,579,2348,2927
49,2011-02-19,Spring,2011,Februari,0,Sabtu,Workday,Clear,16.365847,16.047563999999998,18.7917,0.507463,532,1103,1635
50,2011-02-20,Spring,2011,Februari,0,Minggu,Workday,Clear,11.693897,11.37053,40.7826,0.223235,639,1173,1812
51,2011-02-21,Spring,2011,Februari,1,Senin,Workday,Cloudy_Misty,12.436653000000002,11.647075000000001,60.5,0.307846,195,912,1107
52,2011-02-22,Spring,2011,Februari,0,Selasa,Holiday,Clear,7.471102,7.627353,57.7778,0.195683,74,1376,1450
53,2011-02-23,Spring,2011,Februari,0,Rabu,Holiday,Clear,9.091299,10.074397,42.3043,0.094113,139,1778,1917
54,2011-02-24,Spring,2011,Februari,0,Kamis,Holiday,Cloudy_Misty,12.121732000000002,11.856831,69.7391,0.250496,100,1707,1807
55,2011-02-25,Spring,2011,Februari,0,Jumat,Holiday,Cloudy_Misty,14.938268,14.368901000000001,71.2174,0.346539,120,1341,1461
56,2011-02-26,Spring,2011,Februari,0,Sabtu,Workday,Clear,11.5825,11.569872,53.7917,0.186571,424,1545,1969
57,2011-02-27,Spring,2011,Februari,0,Minggu,Workday,Clear,14.082598,14.395469,68.0,0.125248,694,1708,2402
58,2011-02-28,Spring,2011,Februari,0,Senin,Holiday,Cloudy_Misty,16.698193,16.404837999999998,87.63640000000001,0.289686,81,1365,1446
59,2011-03-01,Spring,2011,Maret,0,Selasa,Holiday,Clear,10.933347,10.819038999999998,53.5,0.216425,137,1714,1851
60,2011-03-02,Spring,2011,Maret,0,Rabu,Holiday,Clear,13.735000000000001,13.122911,44.9583,0.307833,231,1903,2134
61,2011-03-03,Spring,2011,Maret,0,Kamis,Holiday,Clear,8.131653,8.205453,31.833299999999998,0.225754,123,1562,1685
62,2011-03-04,Spring,2011,Maret,0,Jumat,Holiday,Cloudy_Misty,10.728347,10.482839,61.0417,0.203346,214,1730,1944
63,2011-03-05,Spring,2011,Maret,0,Sabtu,Workday,Cloudy_Misty,15.750846999999998,15.529938999999999,78.91669999999999,0.251871,640,1437,2077
64,2011-03-06,Spring,2011,Maret,0,Minggu,Workday,Cloudy_Misty,15.437402,15.016332,94.8261,0.343287,114,491,605
65,2011-03-07,Spring,2011,Maret,0,Senin,Holiday,Clear,10.731299,9.776901,55.1304,0.341352,244,1628,1872
66,2011-03-08,Spring,2011,Maret,0,Selasa,Holiday,Clear,11.9925,12.3984,42.0833,0.12065,316,1817,2133
67,2011-03-09,Spring,2011,Maret,0,Rabu,Holiday,Cloudy_Misty,12.129153,11.750927999999998,77.5417,0.22015,191,1700,1891
68,2011-03-10,Spring,2011,Maret,0,Kamis,Holiday,Light_rain_snow,15.952731,15.812388,0.0,0.261877,46,577,623
69,2011-03-11,Spring,2011,Maret,0,Jumat,Holiday,Cloudy_Misty,12.977402000000001,12.504999999999999,64.95649999999999,0.23297,247,1730,1977
70,2011-03-12,Spring,2011,Maret,0,Sabtu,Workday,Clear,13.495847,13.355749999999999,59.458299999999994,0.220775,724,1408,2132
71,2011-03-13,Spring,2011,Maret,0,Minggu,Workday,Clear,15.758268000000001,15.583731,52.73910000000001,0.270604,982,1435,2417
72,2011-03-14,Spring,2011,Maret,0,Senin,Holiday,Clear,13.333896999999999,13.612,49.695699999999995,0.136926,359,1687,2046
73,2011-03-15,Spring,2011,Maret,0,Selasa,Holiday,Cloudy_Misty,13.013031,13.045298,65.5652,0.184309,289,1767,2056
74,2011-03-16,Spring,2011,Maret,0,Rabu,Holiday,Cloudy_Misty,14.973897000000001,15.04413,77.65220000000001,0.203117,321,1871,2192
75,2011-03-17,Spring,2011,Maret,0,Kamis,Holiday,Clear,17.015,16.823653,60.291700000000006,0.209579,424,2320,2744
76,2011-03-18,Spring,2011,Maret,0,Jumat,Holiday,Clear,22.14,21.607369,52.5217,0.231017,884,2355,3239
77,2011-03-19,Spring,2011,Maret,0,Sabtu,Workday,Clear,19.3725,19.127525000000002,37.9167,0.368167,1424,1693,3117
78,2011-03-20,Spring,2011,Maret,0,Minggu,Workday,Clear,13.6325,13.355749999999999,47.375,0.207721,1047,1424,2471
79,2011-03-21,Summer,2011,Maret,0,Senin,Holiday,Cloudy_Misty,17.647835,16.799135,73.73910000000001,0.288783,401,1676,2077
80,2011-03-22,Summer,2011,Maret,0,Selasa,Holiday,Clear,18.108347,18.066322,62.4583,0.22575,460,2243,2703
81,2011-03-23,Summer,2011,Maret,0,Rabu,Holiday,Cloudy_Misty,14.225237,13.855499,83.9565,0.234261,203,1918,2121
82,2011-03-24,Summer,2011,Maret,0,Kamis,Holiday,Cloudy_Misty,11.684999999999999,11.104153,80.58330000000001,0.243787,166,1699,1865
83,2011-03-25,Summer,2011,Maret,0,Jumat,Holiday,Clear,10.830846999999999,10.508792,49.5,0.230725,300,1910,2210
84,2011-03-26,Summer,2011,Maret,0,Sabtu,Workday,Clear,10.899153,10.560411,39.4167,0.209571,981,1515,2496
85,2011-03-27,Summer,2011,Maret,0,Minggu,Workday,Cloudy_Misty,10.374763000000002,10.263898999999999,49.3913,0.1843,472,1221,1693
86,2011-03-28,Summer,2011,Maret,0,Senin,Holiday,Clear,10.838268000000001,10.560534,30.2174,0.212204,222,1806,2028
87,2011-03-29,Summer,2011,Maret,0,Selasa,Holiday,Clear,12.4025,12.009228,31.4167,0.226996,317,2108,2425
88,2011-03-30,Summer,2011,Maret,0,Rabu,Holiday,Cloudy_Misty,12.299999999999999,12.19135,64.6667,0.172888,168,1368,1536
89,2011-03-31,Summer,2011,Maret,0,Kamis,Holiday,Light_rain_snow,11.001653,10.560575,91.8333,0.217646,179,1506,1685
90,2011-04-01,Summer,2011,April,0,Jumat,Holiday,Cloudy_Misty,12.299999999999999,11.621614,68.625,0.258708,307,1920,2227
91,2011-04-02,Summer,2011,April,0,Sabtu,Workday,Cloudy_Misty,12.915000000000001,12.941117,65.375,0.197146,898,1354,2252
92,2011-04-03,Summer,2011,April,0,Minggu,Workday,Clear,15.511652999999999,15.529447000000001,48.0,0.182213,1651,1598,3249
93,2011-04-04,Summer,2011,April,0,Senin,Holiday,Clear,23.506653,22.260089,42.625,0.385571,734,2381,3115
94,2011-04-05,Summer,2011,April,0,Selasa,Holiday,Cloudy_Misty,16.980847,16.332349999999998,64.2083,0.388067,167,1628,1795
95,2011-04-06,Summer,2011,April,0,Rabu,Holiday,Clear,16.024153,15.891928,47.0833,0.263063,413,2395,2808
96,2011-04-07,Summer,2011,April,0,Kamis,Holiday,Clear,17.9375,17.781536000000003,60.291700000000006,0.162312,571,2570,3141
97,2011-04-08,Summer,2011,April,0,Jumat,Holiday,Cloudy_Misty,13.769153,13.303639,83.625,0.226992,172,1299,1471
98,2011-04-09,Summer,2011,April,0,Sabtu,Workday,Cloudy_Misty,14.0425,14.002689000000002,87.75,0.133083,879,1576,2455
99,2011-04-10,Summer,2011,April,0,Minggu,Workday,Cloudy_Misty,17.493347,17.496216999999998,85.75,0.146767,1188,1707,2895
100,2011-04-11,Summer,2011,April,0,Senin,Holiday,Cloudy_Misty,24.421732,23.173897,71.6956,0.324474,855,2493,3348
101,2011-04-12,Summer,2011,April,0,Selasa,Holiday,Cloudy_Misty,20.6025,20.215214,73.9167,0.274879,257,1777,2034
102,2011-04-13,Summer,2011,April,0,Rabu,Holiday,Cloudy_Misty,16.912499999999998,17.108603000000002,81.91669999999999,0.250617,209,1953,2162
103,2011-04-14,Summer,2011,April,0,Kamis,Holiday,Clear,19.1675,18.972421999999998,54.041700000000006,0.1107,529,2738,3267
104,2011-04-15,Summer,2011,April,1,Jumat,Workday,Clear,18.313347,18.118433,67.125,0.226375,642,2484,3126
105,2011-04-16,Summer,2011,April,0,Sabtu,Workday,Light_rain_snow,17.664153000000002,17.445172,88.83330000000001,0.340808,121,674,795
106,2011-04-17,Summer,2011,April,0,Minggu,Workday,Clear,18.723347,18.273536,47.9583,0.303496,1558,2186,3744
107,2011-04-18,Summer,2011,April,0,Senin,Holiday,Clear,21.0125,20.628985999999998,54.25,0.163567,669,2760,3429
108,2011-04-19,Summer,2011,April,0,Selasa,Holiday,Cloudy_Misty,20.739152999999998,20.059578000000002,66.5833,0.157971,409,2795,3204
109,2011-04-20,Summer,2011,April,0,Rabu,Holiday,Clear,24.395,23.140072,61.4167,0.241925,613,3331,3944
110,2011-04-21,Summer,2011,April,0,Kamis,Holiday,Clear,18.825847,18.609572,40.708299999999994,0.325258,745,3444,4189
111,2011-04-22,Summer,2011,April,0,Jumat,Holiday,Cloudy_Misty,13.803347,13.200114000000001,72.9583,0.219521,177,1506,1683
112,2011-04-23,Summer,2011,April,0,Sabtu,Workday,Cloudy_Misty,18.86,18.454961,88.79169999999999,0.230725,1462,2574,4036
113,2011-04-24,Summer,2011,April,0,Minggu,Workday,Cloudy_Misty,23.848347,22.622283,81.08330000000001,0.192175,1710,2481,4191
114,2011-04-25,Summer,2011,April,0,Senin,Holiday,Clear,24.873347,23.5545,77.6667,0.185333,773,3300,4073
115,2011-04-26,Summer,2011,April,0,Selasa,Holiday,Clear,25.898346999999998,24.357403,72.9167,0.3265,678,3722,4400
116,2011-04-27,Summer,2011,April,0,Rabu,Holiday,Cloudy_Misty,25.419999999999998,23.580822,83.54169999999999,0.3122,547,3325,3872
117,2011-04-28,Summer,2011,April,0,Kamis,Holiday,Cloudy_Misty,25.317500000000003,23.736089,70.08330000000001,0.320908,569,3489,4058
118,2011-04-29,Summer,2011,April,0,Jumat,Holiday,Clear,20.91,20.395983,45.7083,0.240063,878,3717,4595
119,2011-04-30,Summer,2011,April,0,Sabtu,Workday,Clear,19.3725,19.024861,50.3333,0.235075,1965,3347,5312
120,2011-05-01,Summer,2011,Mei,0,Minggu,Workday,Cloudy_Misty,18.518347,18.376364,76.2083,0.106354,1138,2213,3351
121,2011-05-02,Summer,2011,Mei,0,Senin,Holiday,Cloudy_Misty,22.515846999999997,21.846153,73.0,0.183454,847,3554,4401
122,2011-05-03,Summer,2011,Mei,0,Selasa,Holiday,Cloudy_Misty,25.283347,23.865239,69.7083,0.342667,603,3848,4451
123,2011-05-04,Summer,2011,Mei,0,Rabu,Holiday,Cloudy_Misty,16.980847,16.59065,73.70830000000001,0.328996,255,2378,2633
124,2011-05-05,Summer,2011,Mei,0,Kamis,Holiday,Clear,18.825847,18.118597,44.4167,0.295392,614,3819,4433
125,2011-05-06,Summer,2011,Mei,0,Jumat,Holiday,Clear,19.645847,19.438797,59.0,0.228246,894,3714,4608
126,2011-05-07,Summer,2011,Mei,0,Sabtu,Workday,Clear,21.32,21.017461,54.125,0.16045,1612,3102,4714
127,2011-05-08,Summer,2011,Mei,0,Minggu,Workday,Clear,21.661653,21.276253,63.1667,0.0746375,1401,2932,4333
128,2011-05-09,Summer,2011,Mei,0,Senin,Holiday,Clear,21.8325,21.535086,58.875,0.176,664,3698,4362
129,2011-05-10,Summer,2011,Mei,0,Selasa,Holiday,Clear,21.8325,21.431561,48.9167,0.115671,694,4109,4803
130,2011-05-11,Summer,2011,Mei,0,Rabu,Holiday,Clear,22.2425,21.6644,63.29169999999999,0.120642,550,3632,4182
131,2011-05-12,Summer,2011,Mei,0,Kamis,Holiday,Clear,21.935000000000002,21.457883000000002,74.75,0.189667,695,4169,4864
132,2011-05-13,Summer,2011,Mei,0,Jumat,Holiday,Cloudy_Misty,21.0125,20.2663,86.33330000000001,0.179725,692,3413,4105
133,2011-05-14,Summer,2011,Mei,0,Sabtu,Workday,Cloudy_Misty,21.354153,20.525789,92.25,0.13495,902,2507,3409
134,2011-05-15,Summer,2011,Mei,0,Minggu,Workday,Cloudy_Misty,23.0625,21.976000000000003,86.70830000000001,0.152979,1582,2971,4553
135,2011-05-16,Summer,2011,Mei,0,Senin,Holiday,Clear,23.677500000000002,22.570992,78.79169999999999,0.126871,773,3185,3958
136,2011-05-17,Summer,2011,Mei,0,Selasa,Holiday,Cloudy_Misty,23.028347,22.079689000000002,83.7917,0.277354,678,3445,4123
137,2011-05-18,Summer,2011,Mei,0,Rabu,Holiday,Cloudy_Misty,22.55,21.613478,87.0,0.201492,536,3319,3855
138,2011-05-19,Summer,2011,Mei,0,Kamis,Holiday,Cloudy_Misty,21.764153,20.940422,82.9583,0.108213,735,3840,4575
139,2011-05-20,Summer,2011,Mei,0,Jumat,Holiday,Clear,22.003347,21.690722,71.9583,0.125013,909,4008,4917
140,2011-05-21,Summer,2011,Mei,0,Sabtu,Workday,Clear,24.7025,23.450975,62.6667,0.12065,2258,3547,5805
141,2011-05-22,Summer,2011,Mei,0,Minggu,Workday,Clear,24.770847,23.5545,74.9583,0.148008,1576,3084,4660
142,2011-05-23,Summer,2011,Mei,0,Senin,Holiday,Cloudy_Misty,25.898346999999998,24.202136000000003,81.0,0.233842,836,3438,4274
143,2011-05-24,Summer,2011,Mei,0,Selasa,Holiday,Cloudy_Misty,27.060000000000002,24.797333000000002,74.0833,0.207092,659,3833,4492
144,2011-05-25,Summer,2011,Mei,0,Rabu,Holiday,Clear,27.094153,25.237222000000003,69.625,0.154233,740,4238,4978
145,2011-05-26,Summer,2011,Mei,0,Kamis,Holiday,Clear,29.041653,26.842208000000003,67.75,0.199642,758,3919,4677
146,2011-05-27,Summer,2011,Mei,0,Jumat,Holiday,Clear,27.948347000000002,26.117328,65.375,0.240679,871,3808,4679
147,2011-05-28,Summer,2011,Mei,0,Sabtu,Workday,Clear,26.889153,25.107539,72.9583,0.230092,2001,2757,4758
148,2011-05-29,Summer,2011,Mei,0,Minggu,Workday,Clear,27.3675,25.237550000000002,81.875,0.213938,2355,2433,4788
149,2011-05-30,Summer,2011,Mei,1,Senin,Workday,Clear,30.066653000000002,27.514772,68.5,0.131225,1549,2549,4098
150,2011-05-31,Summer,2011,Mei,0,Selasa,Holiday,Clear,31.775000000000002,29.740703,63.6667,0.111329,673,3309,3982
151,2011-06-01,Summer,2011,Juni,0,Rabu,Holiday,Cloudy_Misty,31.330847000000002,29.559647000000002,67.7083,0.207092,513,3461,3974
152,2011-06-02,Summer,2011,Juni,0,Kamis,Holiday,Clear,29.314999999999998,26.401622,30.5,0.292287,736,4232,4968
153,2011-06-03,Summer,2011,Juni,0,Jumat,Holiday,Clear,25.419999999999998,24.072453,35.4167,0.253121,898,4414,5312
154,2011-06-04,Summer,2011,Juni,0,Sabtu,Workday,Clear,26.035,24.382536,45.625,0.123142,1869,3473,5342
155,2011-06-05,Summer,2011,Juni,0,Minggu,Workday,Cloudy_Misty,26.581653000000003,25.288964,65.25,0.138692,1685,3221,4906
156,2011-06-06,Summer,2011,Juni,0,Senin,Holiday,Clear,27.811653,25.496178,60.0,0.121896,673,3875,4548
157,2011-06-07,Summer,2011,Juni,0,Selasa,Holiday,Clear,29.0075,26.89395,59.791700000000006,0.187808,763,4070,4833
158,2011-06-08,Summer,2011,Juni,0,Rabu,Holiday,Clear,31.809153,29.818439,62.20830000000001,0.136817,676,3725,4401
159,2011-06-09,Summer,2011,Juni,0,Kamis,Holiday,Cloudy_Misty,33.141653,31.060739,56.833299999999994,0.149883,563,3352,3915
160,2011-06-10,Summer,2011,Juni,0,Jumat,Holiday,Clear,30.955000000000002,28.834972,60.5,0.140554,815,3771,4586
161,2011-06-11,Summer,2011,Juni,0,Sabtu,Workday,Clear,29.724999999999998,27.799558,65.45830000000001,0.15485,1729,3237,4966
162,2011-06-12,Summer,2011,Juni,0,Minggu,Workday,Clear,28.392500000000002,26.376325,74.7917,0.163567,1467,2993,4460
163,2011-06-13,Summer,2011,Juni,0,Senin,Holiday,Clear,26.035,24.667814,49.4583,0.30535,863,4157,5020
164,2011-06-14,Summer,2011,Juni,0,Selasa,Holiday,Clear,24.770847,24.253386,50.708299999999994,0.269283,727,4164,4891
165,2011-06-15,Summer,2011,Juni,0,Rabu,Holiday,Clear,25.693347,24.097914,47.1667,0.167912,769,4411,5180
166,2011-06-16,Summer,2011,Juni,0,Kamis,Holiday,Cloudy_Misty,25.761653000000003,24.409186000000002,68.8333,0.206471,545,3222,3767
167,2011-06-17,Summer,2011,Juni,0,Jumat,Holiday,Clear,26.615847000000002,24.615703,73.5833,0.143029,863,3981,4844
168,2011-06-18,Summer,2011,Juni,0,Sabtu,Workday,Clear,28.563347,26.402114,67.0417,0.119408,1807,3312,5119
169,2011-06-19,Summer,2011,Juni,0,Minggu,Workday,Cloudy_Misty,28.665847,26.479686,66.6667,0.102,1639,3105,4744
170,2011-06-20,Summer,2011,Juni,0,Senin,Holiday,Cloudy_Misty,26.035,24.409186000000002,74.625,0.155475,699,3311,4010
171,2011-06-21,Fall,2011,Juni,0,Selasa,Holiday,Cloudy_Misty,27.914153000000002,26.143486000000003,77.0417,0.171025,774,4061,4835
172,2011-06-22,Fall,2011,Juni,0,Rabu,Holiday,Clear,30.066653000000002,28.446989000000002,70.75,0.172262,661,3846,4507
173,2011-06-23,Fall,2011,Juni,0,Kamis,Holiday,Cloudy_Misty,29.861653,28.447153,70.3333,0.238804,746,4044,4790
174,2011-06-24,Fall,2011,Juni,0,Jumat,Holiday,Clear,29.690847,26.919903,57.3333,0.222025,969,4022,4991
175,2011-06-25,Fall,2011,Juni,0,Sabtu,Workday,Clear,28.494999999999997,26.375833,48.3333,0.209571,1782,3420,5202
176,2011-06-26,Fall,2011,Juni,0,Minggu,Workday,Clear,27.880000000000003,26.142789,51.3333,0.0945333,1920,3385,5305
177,2011-06-27,Fall,2011,Juni,0,Senin,Holiday,Cloudy_Misty,27.982499999999998,26.117164,65.8333,0.107588,854,3854,4708
178,2011-06-28,Fall,2011,Juni,0,Selasa,Holiday,Clear,30.510847000000002,28.394878,63.416700000000006,0.144283,732,3916,4648
179,2011-06-29,Fall,2011,Juni,0,Rabu,Holiday,Clear,29.861653,26.842208000000003,49.7917,0.261821,848,4377,5225
180,2011-06-30,Fall,2011,Juni,0,Kamis,Holiday,Clear,28.563347,26.117328,43.416700000000006,0.185312,1027,4488,5515
181,2011-07-01,Fall,2011,Juli,0,Jumat,Holiday,Clear,29.622500000000002,26.738642000000002,39.625,0.102608,1246,4116,5362
182,2011-07-02,Fall,2011,Juli,0,Sabtu,Workday,Clear,30.271653,27.359628,44.4583,0.115062,2204,2915,5119
183,2011-07-03,Fall,2011,Juli,0,Minggu,Workday,Cloudy_Misty,29.383347,27.411575000000003,68.25,0.228858,2282,2367,4649
184,2011-07-04,Fall,2011,Juli,1,Senin,Workday,Cloudy_Misty,29.793346999999997,27.282097,63.7917,0.0814792,3065,2978,6043
185,2011-07-05,Fall,2011,Juli,0,Selasa,Holiday,Clear,30.613346999999997,28.549858,59.0417,0.126258,1031,3634,4665
186,2011-07-06,Fall,2011,Juli,0,Rabu,Holiday,Clear,29.52,28.110953000000002,74.33330000000001,0.149883,784,3845,4629
187,2011-07-07,Fall,2011,Juli,0,Kamis,Holiday,Clear,30.75,28.161711,65.125,0.1592,754,3838,4592
188,2011-07-08,Fall,2011,Juli,0,Jumat,Holiday,Cloudy_Misty,29.075847,27.489803000000002,75.79169999999999,0.225129,692,3348,4040
189,2011-07-09,Fall,2011,Juli,0,Sabtu,Workday,Clear,30.066653000000002,27.230478,60.9167,0.167912,1988,3348,5336
190,2011-07-10,Fall,2011,Juli,0,Minggu,Workday,Clear,30.6475,28.291025,57.8333,0.183471,1743,3138,4881
191,2011-07-11,Fall,2011,Juli,0,Senin,Holiday,Clear,31.2625,29.921964,63.5833,0.282337,723,3363,4086
192,2011-07-12,Fall,2011,Juli,0,Selasa,Holiday,Clear,32.560846999999995,30.310275,55.9167,0.200254,662,3596,4258
193,2011-07-13,Fall,2011,Juli,0,Rabu,Holiday,Clear,30.613346999999997,28.265564,63.1667,0.146133,748,3594,4342
194,2011-07-14,Fall,2011,Juli,0,Kamis,Holiday,Clear,27.914153000000002,26.039264,47.625,0.240667,888,4196,5084
195,2011-07-15,Fall,2011,Juli,0,Jumat,Holiday,Clear,27.196652999999998,25.599211,59.12500000000001,0.182833,1318,4220,5538
196,2011-07-16,Fall,2011,Juli,0,Sabtu,Workday,Clear,28.153347,26.168783,58.5,0.208342,2418,3505,5923
197,2011-07-17,Fall,2011,Juli,0,Minggu,Workday,Clear,29.485847,27.463153000000002,60.4167,0.245033,2006,3296,5302
198,2011-07-18,Fall,2011,Juli,0,Senin,Holiday,Clear,30.613346999999997,28.860925,65.125,0.215804,841,3617,4458
199,2011-07-19,Fall,2011,Juli,0,Selasa,Holiday,Clear,31.843347,30.646639,65.0417,0.1306,752,3789,4541
200,2011-07-20,Fall,2011,Juli,0,Rabu,Holiday,Clear,31.501653,30.62085,70.70830000000001,0.113817,644,3688,4332
201,2011-07-21,Fall,2011,Juli,0,Kamis,Holiday,Cloudy_Misty,33.415,33.881211,69.125,0.222021,632,3152,3784
202,2011-07-22,Fall,2011,Juli,0,Jumat,Holiday,Clear,34.781653,34.476736,58.0417,0.1331,562,2825,3387
203,2011-07-23,Fall,2011,Juli,0,Sabtu,Workday,Clear,34.815847,32.975767,50.0,0.131221,987,2298,3285
204,2011-07-24,Fall,2011,Juli,0,Minggu,Workday,Clear,34.03,32.587989,55.0833,0.169171,1050,2556,3606
205,2011-07-25,Fall,2011,Juli,0,Senin,Holiday,Clear,30.476653000000002,29.559278,75.7083,0.0908083,568,3272,3840
206,2011-07-26,Fall,2011,Juli,0,Selasa,Holiday,Clear,31.638347,28.576139,54.0833,0.200258,750,3840,4590
207,2011-07-27,Fall,2011,Juli,0,Rabu,Holiday,Clear,31.775000000000002,28.317347,40.291700000000006,0.183463,755,3901,4656
208,2011-07-28,Fall,2011,Juli,0,Kamis,Holiday,Clear,31.945847,30.3359,58.3333,0.178479,606,3784,4390
209,2011-07-29,Fall,2011,Juli,0,Jumat,Holiday,Clear,34.371653,32.224647,54.25,0.174138,670,3176,3846
210,2011-07-30,Fall,2011,Juli,0,Sabtu,Workday,Clear,32.970847,29.870017,46.5833,0.168537,1559,2916,4475
211,2011-07-31,Fall,2011,Juli,0,Minggu,Workday,Clear,33.039153,29.921636,48.0833,0.164813,1524,2778,4302
212,2011-08-01,Fall,2011,Agustus,0,Senin,Holiday,Clear,31.638347,28.834972,55.0833,0.156717,729,3537,4266
213,2011-08-02,Fall,2011,Agustus,0,Selasa,Holiday,Clear,32.116653,28.989911,49.125,0.20585,801,4044,4845
214,2011-08-03,Fall,2011,Agustus,0,Rabu,Holiday,Cloudy_Misty,29.998347,27.877417,65.75,0.135583,467,3107,3574
215,2011-08-04,Fall,2011,Agustus,0,Kamis,Holiday,Cloudy_Misty,29.11,27.256308,75.75,0.19715,799,3777,4576
216,2011-08-05,Fall,2011,Agustus,0,Jumat,Holiday,Clear,29.144153000000003,26.919247000000002,63.083299999999994,0.184696,1023,3843,4866
217,2011-08-06,Fall,2011,Agustus,0,Sabtu,Workday,Cloudy_Misty,29.383347,27.722314,75.5,0.22825,1521,2773,4294
218,2011-08-07,Fall,2011,Agustus,0,Minggu,Workday,Clear,30.442500000000003,29.326972,75.29169999999999,0.201487,1298,2487,3785
219,2011-08-08,Fall,2011,Agustus,0,Senin,Holiday,Clear,31.365000000000002,28.834603,59.2083,0.192175,846,3480,4326
220,2011-08-09,Fall,2011,Agustus,0,Selasa,Holiday,Clear,31.775000000000002,29.688961,57.04169999999999,0.151121,907,3695,4602
221,2011-08-10,Fall,2011,Agustus,0,Rabu,Holiday,Clear,31.433346999999998,28.084303000000002,42.4167,0.200258,884,3896,4780
222,2011-08-11,Fall,2011,Agustus,0,Kamis,Holiday,Clear,29.4175,26.712361,42.375,0.164796,812,3980,4792
223,2011-08-12,Fall,2011,Agustus,0,Jumat,Holiday,Clear,29.041653,26.815722,41.5,0.125621,1051,3854,4905
224,2011-08-13,Fall,2011,Agustus,0,Sabtu,Workday,Cloudy_Misty,28.119153,26.480178000000002,72.9583,0.211454,1504,2646,4150
225,2011-08-14,Fall,2011,Agustus,0,Minggu,Workday,Cloudy_Misty,27.743347,25.599908000000003,81.75,0.222633,1338,2482,3820
226,2011-08-15,Fall,2011,Agustus,0,Senin,Holiday,Clear,27.299153,25.262847,71.20830000000001,0.208954,775,3563,4338
227,2011-08-16,Fall,2011,Agustus,0,Selasa,Holiday,Clear,28.734153000000003,26.479316999999998,57.8333,0.236329,721,4004,4725
228,2011-08-17,Fall,2011,Agustus,0,Rabu,Holiday,Clear,29.656653,27.333511,57.5417,0.143667,668,4026,4694
229,2011-08-18,Fall,2011,Agustus,0,Kamis,Holiday,Clear,29.178347000000002,27.152578000000002,65.45830000000001,0.233208,639,3166,3805
230,2011-08-19,Fall,2011,Agustus,0,Jumat,Holiday,Cloudy_Misty,28.085,25.962061000000002,72.2917,0.139308,797,3356,4153
231,2011-08-20,Fall,2011,Agustus,0,Sabtu,Workday,Clear,28.5975,26.608836,67.41669999999999,0.104467,1914,3277,5191
232,2011-08-21,Fall,2011,Agustus,0,Minggu,Workday,Clear,29.144153000000003,27.696525,77.0,0.248754,1249,2624,3873
233,2011-08-22,Fall,2011,Agustus,0,Senin,Holiday,Clear,28.358347000000002,26.168414,47.0,0.27675,833,3925,4758
234,2011-08-23,Fall,2011,Agustus,0,Selasa,Holiday,Clear,26.274153,24.848747,45.5417,0.146763,1281,4614,5895
235,2011-08-24,Fall,2011,Agustus,0,Rabu,Holiday,Clear,27.606652999999998,25.858372000000003,60.5,0.253108,949,4181,5130
236,2011-08-25,Fall,2011,Agustus,0,Kamis,Holiday,Cloudy_Misty,28.050846999999997,26.480014,77.1667,0.210833,435,3107,3542
237,2011-08-26,Fall,2011,Agustus,0,Jumat,Holiday,Clear,28.7,27.049053,76.125,0.0839625,768,3893,4661
238,2011-08-27,Fall,2011,Agustus,0,Sabtu,Workday,Cloudy_Misty,27.880000000000003,26.057796,85.0,0.375617,226,889,1115
239,2011-08-28,Fall,2011,Agustus,0,Minggu,Workday,Clear,28.989418999999998,26.566318999999996,56.1765,0.304659,1415,2919,4334
240,2011-08-29,Fall,2011,Agustus,0,Senin,Holiday,Clear,26.103347,24.926278,55.45830000000001,0.159825,729,3905,4634
241,2011-08-30,Fall,2011,Agustus,0,Selasa,Holiday,Clear,26.205847000000002,24.382864,54.833299999999994,0.125008,775,4429,5204
242,2011-08-31,Fall,2011,Agustus,0,Rabu,Holiday,Clear,26.923347,25.055961,59.791700000000006,0.0833333,688,4370,5058
243,2011-09-01,Fall,2011,September,0,Kamis,Holiday,Clear,26.855,25.211761000000003,63.916700000000006,0.141796,783,4332,5115
244,2011-09-02,Fall,2011,September,0,Jumat,Holiday,Cloudy_Misty,26.376653,24.797128,72.70830000000001,0.139929,875,3852,4727
245,2011-09-03,Fall,2011,September,0,Sabtu,Workday,Clear,27.435847,25.961733000000002,71.6667,0.185325,1935,2549,4484
246,2011-09-04,Fall,2011,September,0,Minggu,Workday,Clear,29.075847,27.282589,74.20830000000001,0.206467,2521,2419,4940
247,2011-09-05,Fall,2011,September,1,Senin,Workday,Cloudy_Misty,27.606652999999998,25.651486000000002,79.0417,0.212696,1236,2115,3351
248,2011-09-06,Fall,2011,September,0,Selasa,Holiday,Light_rain_snow,22.14,21.1232,88.6957,0.343943,204,2506,2710
249,2011-09-07,Fall,2011,September,0,Rabu,Holiday,Light_rain_snow,24.565847,22.313388999999997,91.7083,0.0970208,118,1878,1996
250,2011-09-08,Fall,2011,September,0,Kamis,Holiday,Light_rain_snow,25.990433,22.769801,93.9565,0.192748,153,1689,1842
251,2011-09-09,Fall,2011,September,0,Jumat,Holiday,Cloudy_Misty,26.650000000000002,23.736786,89.79169999999999,0.124379,417,3127,3544
252,2011-09-10,Fall,2011,September,0,Sabtu,Workday,Clear,27.060000000000002,24.926442,75.375,0.153608,1750,3595,5345
253,2011-09-11,Fall,2011,September,0,Minggu,Workday,Clear,26.786653,24.978389,71.375,0.115054,1633,3413,5046
254,2011-09-12,Fall,2011,September,0,Senin,Holiday,Clear,26.418268,24.687330000000003,69.2174,0.088913,690,4023,4713
255,2011-09-13,Fall,2011,September,0,Selasa,Holiday,Clear,26.684153,24.745714000000003,71.25,0.141804,701,4062,4763
256,2011-09-14,Fall,2011,September,0,Rabu,Holiday,Clear,27.606652999999998,25.7029,69.7083,0.1673,647,4138,4785
257,2011-09-15,Fall,2011,September,0,Kamis,Holiday,Cloudy_Misty,23.677500000000002,22.700511000000002,70.9167,0.271146,428,3231,3659
258,2011-09-16,Fall,2011,September,0,Jumat,Holiday,Cloudy_Misty,19.235847,18.920475,59.0417,0.164183,742,4018,4760
259,2011-09-17,Fall,2011,September,0,Sabtu,Workday,Cloudy_Misty,20.158347,19.618992,71.8333,0.189675,1434,3077,4511
260,2011-09-18,Fall,2011,September,0,Minggu,Workday,Clear,20.807499999999997,20.112017,69.5,0.178483,1353,2921,4274
261,2011-09-19,Fall,2011,September,0,Senin,Holiday,Cloudy_Misty,22.515846999999997,21.716675,69.0,0.151742,691,3848,4539
262,2011-09-20,Fall,2011,September,0,Selasa,Holiday,Cloudy_Misty,23.028347,21.820897000000002,88.125,0.134954,438,3203,3641
263,2011-09-21,Fall,2011,September,0,Rabu,Holiday,Cloudy_Misty,24.395,22.571853,90.0,0.0964042,539,3813,4352
264,2011-09-22,Fall,2011,September,0,Kamis,Holiday,Cloudy_Misty,25.761653000000003,22.753483,90.2083,0.128125,555,4240,4795
265,2011-09-23,Winter,2011,September,0,Jumat,Holiday,Cloudy_Misty,24.975847,21.407124999999997,97.25,0.0783667,258,2137,2395
266,2011-09-24,Winter,2011,September,0,Sabtu,Workday,Cloudy_Misty,24.873347,23.140892,86.25,0.0783833,1776,3647,5423
267,2011-09-25,Winter,2011,September,0,Minggu,Workday,Cloudy_Misty,26.000847,23.478116999999997,84.5,0.0503792,1544,3466,5010
268,2011-09-26,Winter,2011,September,0,Senin,Holiday,Cloudy_Misty,26.615847000000002,24.150722,84.8333,0.1107,684,3946,4630
269,2011-09-27,Winter,2011,September,0,Selasa,Holiday,Cloudy_Misty,26.103347,23.555525,88.5417,0.118171,477,3643,4120
270,2011-09-28,Winter,2011,September,0,Rabu,Holiday,Cloudy_Misty,26.035,23.581477999999997,84.875,0.148629,480,3427,3907
271,2011-09-29,Winter,2011,September,0,Kamis,Holiday,Clear,25.283347,23.554992000000002,69.91669999999999,0.172883,653,4186,4839
272,2011-09-30,Winter,2011,September,0,Jumat,Holiday,Clear,23.130847,22.337989,64.75,0.206475,830,4372,5202
273,2011-10-01,Winter,2011,Oktober,0,Sabtu,Workday,Cloudy_Misty,16.81,16.927383,75.375,0.292296,480,1949,2429
274,2011-10-02,Winter,2011,Oktober,0,Minggu,Workday,Cloudy_Misty,14.623347,14.157997,79.1667,0.222013,616,2302,2918
275,2011-10-03,Winter,2011,Oktober,0,Senin,Holiday,Cloudy_Misty,15.750846999999998,16.073886,76.0833,0.0833458,330,3240,3570
276,2011-10-04,Winter,2011,Oktober,0,Selasa,Holiday,Clear,19.850847,19.387178,71.0,0.205854,486,3970,4456
277,2011-10-05,Winter,2011,Oktober,0,Rabu,Holiday,Clear,22.071652999999998,21.612658,64.79169999999999,0.17725,559,4267,4826
278,2011-10-06,Winter,2011,Oktober,0,Kamis,Holiday,Clear,20.260847000000002,19.697425,62.083299999999994,0.134954,639,4126,4765
279,2011-10-07,Winter,2011,Oktober,0,Jumat,Holiday,Clear,20.944153,20.680563999999997,68.41669999999999,0.0223917,949,4036,4985
280,2011-10-08,Winter,2011,Oktober,0,Sabtu,Workday,Clear,21.388347,21.042921999999997,70.125,0.0454042,2235,3174,5409
281,2011-10-09,Winter,2011,Oktober,0,Minggu,Workday,Clear,22.174153,21.483303,72.75,0.06345,2397,3114,5511
282,2011-10-10,Winter,2011,Oktober,1,Senin,Workday,Clear,23.404153,22.259925,73.375,0.0423042,1514,3603,5117
283,2011-10-11,Winter,2011,Oktober,0,Selasa,Holiday,Cloudy_Misty,23.233347000000002,22.389936000000002,80.875,0.143042,667,3896,4563
284,2011-10-12,Winter,2011,Oktober,0,Rabu,Holiday,Light_rain_snow,22.276653,21.226397,90.625,0.24815,217,2199,2416
285,2011-10-13,Winter,2011,Oktober,0,Kamis,Holiday,Cloudy_Misty,24.155847,22.623963999999997,89.6667,0.141787,290,2623,2913
286,2011-10-14,Winter,2011,Oktober,0,Jumat,Holiday,Cloudy_Misty,22.584153,21.716675,71.625,0.223883,529,3115,3644
287,2011-10-15,Winter,2011,Oktober,0,Sabtu,Workday,Clear,20.773346999999998,20.447725,48.3333,0.258083,1899,3318,5217
288,2011-10-16,Winter,2011,Oktober,0,Minggu,Workday,Clear,20.978347,20.629314,48.6667,0.281717,1748,3293,5041
289,2011-10-17,Winter,2011,Oktober,0,Senin,Holiday,Clear,21.900847,20.939725,57.958299999999994,0.175379,713,3857,4570
290,2011-10-18,Winter,2011,Oktober,0,Selasa,Holiday,Cloudy_Misty,21.8325,21.431561,70.1667,0.110087,637,4111,4748
291,2011-10-19,Winter,2011,Oktober,0,Rabu,Holiday,Light_rain_snow,22.211299,21.067767999999997,89.52170000000001,0.243339,254,2170,2424
292,2011-10-20,Winter,2011,Oktober,0,Kamis,Holiday,Clear,19.509153,19.127525000000002,63.625,0.422275,471,3724,4195
293,2011-10-21,Winter,2011,Oktober,0,Jumat,Holiday,Clear,17.5275,17.367435999999998,57.4167,0.221396,676,3628,4304
294,2011-10-22,Winter,2011,Oktober,0,Sabtu,Workday,Clear,17.322499999999998,17.445172,62.916700000000006,0.0926667,1499,2809,4308
295,2011-10-23,Winter,2011,Oktober,0,Minggu,Workday,Clear,17.288347,17.315653,74.125,0.0995125,1619,2762,4381
296,2011-10-24,Winter,2011,Oktober,0,Senin,Holiday,Clear,18.996653,18.739747,77.2083,0.118792,699,3488,4187
297,2011-10-25,Winter,2011,Oktober,0,Selasa,Holiday,Clear,19.338347,18.998375,62.291700000000006,0.166658,695,3992,4687
298,2011-10-26,Winter,2011,Oktober,0,Rabu,Holiday,Cloudy_Misty,19.850847,19.386686,72.04169999999999,0.148642,404,3490,3894
299,2011-10-27,Winter,2011,Oktober,0,Kamis,Holiday,Cloudy_Misty,19.27,18.738886,81.2917,0.197763,240,2419,2659
300,2011-10-28,Winter,2011,Oktober,0,Jumat,Holiday,Cloudy_Misty,13.564153,13.071292,58.58330000000001,0.229479,456,3291,3747
301,2011-10-29,Winter,2011,Oktober,0,Sabtu,Workday,Light_rain_snow,10.420846999999998,9.344433,88.25,0.351371,57,570,627
302,2011-10-30,Winter,2011,Oktober,0,Minggu,Workday,Clear,13.085847,13.174489,62.375,0.176617,885,2446,3331
303,2011-10-31,Winter,2011,Oktober,0,Senin,Holiday,Clear,13.940000000000001,14.598583000000001,70.3333,0.10635,362,3307,3669
304,2011-11-01,Winter,2011,November,0,Selasa,Holiday,Clear,16.434153,16.280608,68.375,0.135571,410,3658,4068
305,2011-11-02,Winter,2011,November,0,Rabu,Holiday,Clear,15.477500000000001,15.995453,71.875,0.0820917,370,3816,4186
306,2011-11-03,Winter,2011,November,0,Kamis,Holiday,Clear,16.741653,16.642761,70.20830000000001,0.136817,318,3656,3974
307,2011-11-04,Winter,2011,November,0,Jumat,Holiday,Cloudy_Misty,16.536653,16.539071999999997,62.25000000000001,0.271779,470,3576,4046
308,2011-11-05,Winter,2011,November,0,Sabtu,Workday,Clear,13.393346999999999,13.278013999999999,51.916700000000006,0.189062,1156,2770,3926
309,2011-11-06,Winter,2011,November,0,Minggu,Workday,Clear,14.281653,14.856678,73.4583,0.0920542,952,2697,3649
310,2011-11-07,Winter,2011,November,0,Senin,Holiday,Clear,16.195,16.435710999999998,75.875,0.057225,373,3662,4035
311,2011-11-08,Winter,2011,November,0,Selasa,Holiday,Clear,16.741653,16.902086,72.16669999999999,0.0690375,376,3829,4205
312,2011-11-09,Winter,2011,November,0,Rabu,Holiday,Clear,16.400000000000002,16.772239000000003,75.83330000000001,0.0621958,305,3804,4109
313,2011-11-10,Winter,2011,November,0,Kamis,Holiday,Cloudy_Misty,15.58,15.322561,81.3333,0.189067,190,2743,2933
314,2011-11-11,Winter,2011,November,1,Jumat,Workday,Clear,13.290847,12.579497,44.625,0.314675,440,2928,3368
315,2011-11-12,Winter,2011,November,0,Sabtu,Workday,Clear,14.623347,14.675621999999999,55.2917,0.212062,1275,2792,4067
316,2011-11-13,Winter,2011,November,0,Minggu,Workday,Clear,18.074153,17.652549999999998,45.8333,0.281721,1004,2713,3717
317,2011-11-14,Winter,2011,November,0,Senin,Holiday,Clear,21.73,21.509092,58.7083,0.306596,595,3891,4486
318,2011-11-15,Winter,2011,November,0,Selasa,Holiday,Cloudy_Misty,21.73,20.810739,68.875,0.199633,449,3746,4195
319,2011-11-16,Winter,2011,November,0,Rabu,Holiday,Light_rain_snow,18.723347,18.531508,93.0,0.136829,145,1672,1817
320,2011-11-17,Winter,2011,November,0,Kamis,Holiday,Cloudy_Misty,14.008347,13.252061,57.5833,0.305362,139,2914,3053
321,2011-11-18,Winter,2011,November,0,Jumat,Holiday,Clear,11.240847,11.181561,41.0,0.168533,245,3147,3392
322,2011-11-19,Winter,2011,November,0,Sabtu,Workday,Clear,13.495847,13.303803,50.208299999999994,0.224496,943,2720,3663
323,2011-11-20,Winter,2011,November,0,Minggu,Workday,Cloudy_Misty,18.996653,18.739378000000002,68.45830000000001,0.18595,787,2733,3520
324,2011-11-21,Winter,2011,November,0,Senin,Holiday,Light_rain_snow,18.3475,18.247542,91.0,0.138054,220,2545,2765
325,2011-11-22,Winter,2011,November,0,Selasa,Holiday,Light_rain_snow,17.083347,17.289536000000002,96.25,0.118792,69,1538,1607
326,2011-11-23,Winter,2011,November,0,Rabu,Holiday,Cloudy_Misty,18.074153,17.652017,75.79169999999999,0.335825,112,2454,2566
327,2011-11-24,Winter,2011,November,1,Kamis,Workday,Clear,15.306653,15.271311,54.9167,0.167304,560,935,1495
328,2011-11-25,Winter,2011,November,0,Jumat,Holiday,Clear,15.375,15.607510999999999,64.375,0.0988958,1095,1697,2792
329,2011-11-26,Winter,2011,November,0,Sabtu,Workday,Clear,15.409152999999998,15.788567,68.1667,0.0684208,1249,1819,3068
330,2011-11-27,Winter,2011,November,0,Minggu,Workday,Clear,18.825847,18.6878,69.8333,0.208954,810,2261,3071
331,2011-11-28,Winter,2011,November,0,Senin,Holiday,Clear,20.642598,20.095002,74.3043,0.142122,253,3614,3867
332,2011-11-29,Winter,2011,November,0,Selasa,Holiday,Cloudy_Misty,18.791653,18.506375000000002,83.08330000000001,0.258092,96,2818,2914
333,2011-11-30,Winter,2011,November,0,Rabu,Holiday,Clear,13.325000000000001,12.760061,61.3333,0.271158,188,3425,3613
334,2011-12-01,Winter,2011,Desember,0,Kamis,Holiday,Clear,12.8125,12.527714,52.4583,0.220158,182,3545,3727
335,2011-12-02,Winter,2011,Desember,0,Jumat,Holiday,Clear,12.880847,13.588752999999999,62.583299999999994,0.100754,268,3672,3940
336,2011-12-03,Winter,2011,Desember,0,Sabtu,Workday,Clear,12.265847,12.734764,61.291700000000006,0.0957833,706,2908,3614
337,2011-12-04,Winter,2011,Desember,0,Minggu,Workday,Clear,13.564153,14.3131,77.5833,0.0839583,634,2851,3485
338,2011-12-05,Winter,2011,Desember,0,Senin,Holiday,Cloudy_Misty,15.819153,16.150925,82.70830000000001,0.0622083,233,3578,3811
339,2011-12-06,Winter,2011,Desember,0,Selasa,Holiday,Light_rain_snow,18.962500000000002,18.7124,94.9583,0.232583,126,2468,2594
340,2011-12-07,Winter,2011,Desember,0,Rabu,Holiday,Light_rain_snow,16.81,16.410086,97.04169999999999,0.266175,50,655,705
341,2011-12-08,Winter,2011,Desember,0,Kamis,Holiday,Clear,10.899153,10.534458,57.99999999999999,0.240058,150,3172,3322
342,2011-12-09,Winter,2011,Desember,0,Jumat,Holiday,Clear,11.924153,13.019222,69.58330000000001,0.0827167,261,3359,3620
343,2011-12-10,Winter,2011,Desember,0,Sabtu,Workday,Clear,11.275,10.922892,50.74999999999999,0.233221,502,2688,3190
344,2011-12-11,Winter,2011,Desember,0,Minggu,Workday,Clear,9.054153,10.379313999999999,49.0,0.0665417,377,2366,2743
345,2011-12-12,Winter,2011,Desember,0,Senin,Holiday,Clear,9.771652999999999,11.078035999999999,67.08330000000001,0.06345,143,3167,3310
346,2011-12-13,Winter,2011,Desember,0,Selasa,Holiday,Clear,11.5825,12.346658000000001,59.0,0.14055,155,3368,3523
347,2011-12-14,Winter,2011,Desember,0,Rabu,Holiday,Cloudy_Misty,13.0175,13.872842,66.375,0.0609583,178,3562,3740
348,2011-12-15,Winter,2011,Desember,0,Kamis,Holiday,Cloudy_Misty,17.322499999999998,16.901717,63.416700000000006,0.268042,181,3528,3709
349,2011-12-16,Winter,2011,Desember,0,Jumat,Holiday,Cloudy_Misty,15.375,14.752825,50.0417,0.260575,178,3399,3577
350,2011-12-17,Winter,2011,Desember,0,Sabtu,Workday,Cloudy_Misty,10.591652999999999,10.224211,56.0833,0.243167,275,2464,2739
351,2011-12-18,Winter,2011,Desember,0,Minggu,Workday,Clear,9.771652999999999,10.068738999999999,58.62500000000001,0.169779,220,2211,2431
352,2011-12-19,Winter,2011,Desember,0,Senin,Holiday,Clear,11.343347,11.518253,63.74999999999999,0.172896,260,3143,3403
353,2011-12-20,Winter,2011,Desember,0,Selasa,Holiday,Cloudy_Misty,15.819153,16.254614,59.5417,0.0615708,216,3534,3750
354,2011-12-21,Spring,2011,Desember,0,Rabu,Holiday,Cloudy_Misty,17.561653,17.548697,85.83330000000001,0.2214,107,2553,2660
355,2011-12-22,Spring,2011,Desember,0,Kamis,Holiday,Cloudy_Misty,17.356653,17.470961000000003,75.75,0.047275,227,2841,3068
356,2011-12-23,Spring,2011,Desember,0,Jumat,Holiday,Clear,15.306653,15.478033,68.625,0.274246,163,2046,2209
357,2011-12-24,Spring,2011,Desember,0,Sabtu,Workday,Clear,12.4025,12.268922,54.25,0.190304,155,856,1011
358,2011-12-25,Spring,2011,Desember,0,Minggu,Workday,Clear,11.266103,11.478401,68.13040000000001,0.155091,303,451,754
359,2011-12-26,Spring,2011,Desember,1,Senin,Workday,Clear,13.191299,12.936935,50.6957,0.239465,430,887,1317
360,2011-12-27,Spring,2011,Desember,0,Selasa,Holiday,Cloudy_Misty,13.325000000000001,13.432953,76.25,0.18845,103,1059,1162
361,2011-12-28,Spring,2011,Desember,0,Rabu,Holiday,Clear,12.264330000000001,11.478934,50.39130000000001,0.293961,255,2047,2302
362,2011-12-29,Spring,2011,Desember,0,Kamis,Holiday,Clear,10.181653,10.819572,57.4167,0.119412,254,2169,2423
363,2011-12-30,Spring,2011,Desember,0,Jumat,Holiday,Clear,12.778347000000002,13.071292,63.6667,0.134337,491,2508,2999
364,2011-12-31,Spring,2011,Desember,0,Sabtu,Workday,Clear,16.81,16.978961,61.583299999999994,0.220154,665,1820,2485
365,2012-01-01,Spring,2012,Januari,0,Minggu,Workday,Clear,15.17,15.400461,69.25,0.192167,686,1608,2294
366,2012-01-02,Spring,2012,Januari,1,Senin,Workday,Clear,11.194763,10.344463999999999,38.130399999999995,0.329665,244,1707,1951
367,2012-01-03,Spring,2012,Januari,0,Selasa,Holiday,Clear,6.1499999999999995,5.177275,44.125,0.365671,89,2147,2236
368,2012-01-04,Spring,2012,Januari,0,Rabu,Holiday,Cloudy_Misty,4.4075,4.892817,41.4583,0.1847,95,2273,2368
369,2012-01-05,Spring,2012,Januari,0,Kamis,Holiday,Clear,10.899153,11.414892,52.416700000000006,0.129987,140,3132,3272
370,2012-01-06,Spring,2012,Januari,0,Jumat,Holiday,Clear,13.700847,13.950947,54.2083,0.167908,307,3791,4098
371,2012-01-07,Spring,2012,Januari,0,Sabtu,Workday,Clear,16.126653,16.021939,53.1667,0.174758,1070,3451,4521
372,2012-01-08,Spring,2012,Januari,0,Minggu,Workday,Clear,13.8375,13.950578,46.5,0.191542,599,2826,3425
373,2012-01-09,Spring,2012,Januari,0,Senin,Holiday,Cloudy_Misty,9.190847,10.146639,70.1667,0.0989,106,2270,2376
374,2012-01-10,Spring,2012,Januari,0,Selasa,Holiday,Clear,12.656536000000001,13.071866,64.65220000000001,0.187552,173,3425,3598
375,2012-01-11,Spring,2012,Januari,0,Rabu,Holiday,Cloudy_Misty,11.240847,11.595661,84.75,0.131221,92,2085,2177
376,2012-01-12,Spring,2012,Januari,0,Kamis,Holiday,Cloudy_Misty,15.682500000000001,15.659458,80.2917,0.180967,269,3828,4097
377,2012-01-13,Spring,2012,Januari,0,Jumat,Holiday,Clear,11.240847,10.223842,50.74999999999999,0.378108,174,3040,3214
378,2012-01-14,Spring,2012,Januari,0,Sabtu,Workday,Clear,7.38,7.506567,45.75,0.187183,333,2160,2493
379,2012-01-15,Spring,2012,Januari,0,Minggu,Workday,Clear,6.833347000000001,6.626625,41.9167,0.251258,284,2027,2311
380,2012-01-16,Spring,2012,Januari,1,Senin,Workday,Clear,7.79,7.817183,52.25,0.231358,217,2081,2298
381,2012-01-17,Spring,2012,Januari,0,Selasa,Holiday,Cloudy_Misty,15.294763,14.935398,71.6087,0.34913,127,2808,2935
382,2012-01-18,Spring,2012,Januari,0,Rabu,Holiday,Clear,12.436653000000002,11.285414,44.333299999999994,0.415429,109,3267,3376
383,2012-01-19,Spring,2012,Januari,0,Kamis,Holiday,Clear,7.79,7.791558,49.75,0.220158,130,3162,3292
384,2012-01-20,Spring,2012,Januari,0,Jumat,Holiday,Cloudy_Misty,8.9175,9.059277999999999,45.0,0.20275,115,3048,3163
385,2012-01-21,Spring,2012,Januari,0,Sabtu,Workday,Cloudy_Misty,7.106653,7.169875,83.125,0.222642,67,1234,1301
386,2012-01-22,Spring,2012,Januari,0,Minggu,Workday,Cloudy_Misty,6.6625000000000005,6.65225,79.625,0.199638,196,1781,1977
387,2012-01-23,Spring,2012,Januari,0,Senin,Holiday,Cloudy_Misty,8.951653,9.965378,91.125,0.110708,145,2287,2432
388,2012-01-24,Spring,2012,Januari,0,Selasa,Holiday,Clear,14.0425,14.313427999999998,83.58330000000001,0.123767,439,3900,4339
389,2012-01-25,Spring,2012,Januari,0,Rabu,Holiday,Clear,12.060847,12.087661,64.375,0.161071,467,3803,4270
390,2012-01-26,Spring,2012,Januari,0,Kamis,Holiday,Cloudy_Misty,14.008347,14.598049999999999,76.95830000000001,0.0733958,244,3831,4075
391,2012-01-27,Spring,2012,Januari,0,Jumat,Holiday,Cloudy_Misty,17.425,17.030703,74.125,0.342667,269,3187,3456
392,2012-01-28,Spring,2012,Januari,0,Sabtu,Workday,Clear,12.949152999999999,13.381538999999998,54.333299999999994,0.210829,775,3248,4023
393,2012-01-29,Spring,2012,Januari,0,Minggu,Workday,Clear,11.5825,11.181561,31.125000000000004,0.24005,558,2685,3243
394,2012-01-30,Spring,2012,Januari,0,Senin,Holiday,Clear,11.035847,10.767625,40.0833,0.215792,126,3498,3624
395,2012-01-31,Spring,2012,Januari,0,Selasa,Holiday,Clear,15.99,15.633997,41.6667,0.261817,324,4185,4509
396,2012-02-01,Spring,2012,Februari,0,Rabu,Holiday,Clear,19.235847,19.128058,50.79169999999999,0.189067,304,4275,4579
397,2012-02-02,Spring,2012,Februari,0,Kamis,Holiday,Cloudy_Misty,16.365847,16.357811,67.29169999999999,0.187187,190,3571,3761
398,2012-02-03,Spring,2012,Februari,0,Jumat,Holiday,Clear,12.846652999999998,12.683186000000001,52.6667,0.178496,310,3841,4151
399,2012-02-04,Spring,2012,Februari,0,Sabtu,Workday,Cloudy_Misty,10.830846999999999,11.181725,77.95830000000001,0.121896,384,2448,2832
400,2012-02-05,Spring,2012,Februari,0,Minggu,Workday,Cloudy_Misty,10.899153,10.845361,68.7917,0.175996,318,2629,2947
401,2012-02-06,Spring,2012,Februari,0,Senin,Holiday,Clear,11.586969,12.153466000000002,62.2174,0.1538,206,3578,3784
402,2012-02-07,Spring,2012,Februari,0,Selasa,Holiday,Clear,14.520847,14.805264,49.625,0.147379,199,4176,4375
403,2012-02-08,Spring,2012,Februari,0,Rabu,Holiday,Cloudy_Misty,10.523347,10.923261,72.2917,0.133721,109,2693,2802
404,2012-02-09,Spring,2012,Februari,0,Kamis,Holiday,Clear,10.865,10.741508,56.2083,0.194037,163,3667,3830
405,2012-02-10,Spring,2012,Februari,0,Jumat,Holiday,Cloudy_Misty,11.514153,12.035878,54.0,0.116929,227,3604,3831
406,2012-02-11,Spring,2012,Februari,0,Sabtu,Workday,Light_rain_snow,9.190847,8.645547,73.125,0.289796,192,1977,2169
407,2012-02-12,Spring,2012,Februari,0,Minggu,Workday,Clear,5.2275,4.167978,46.4583,0.409212,73,1456,1529
408,2012-02-13,Spring,2012,Februari,0,Senin,Holiday,Clear,9.1225,9.344433,41.125,0.167283,94,3328,3422
409,2012-02-14,Spring,2012,Februari,0,Selasa,Holiday,Cloudy_Misty,13.085847,13.691786,50.875,0.141179,135,3787,3922
410,2012-02-15,Spring,2012,Februari,0,Rabu,Holiday,Clear,14.281653,14.416789000000001,53.125,0.1816,141,4028,4169
411,2012-02-16,Spring,2012,Februari,0,Kamis,Holiday,Cloudy_Misty,12.983346999999998,13.536642,75.29169999999999,0.091425,74,2931,3005
412,2012-02-17,Spring,2012,Februari,0,Jumat,Holiday,Clear,14.076653,14.416789000000001,63.4583,0.205846,349,3805,4154
413,2012-02-18,Spring,2012,Februari,0,Sabtu,Workday,Clear,14.213347,14.572424999999999,53.4583,0.190929,1435,2883,4318
414,2012-02-19,Spring,2012,Februari,0,Minggu,Workday,Cloudy_Misty,11.48,10.897308,51.5833,0.253112,618,2071,2689
415,2012-02-20,Spring,2012,Februari,1,Senin,Workday,Clear,11.48,11.209031,50.7826,0.229083,502,2627,3129
416,2012-02-21,Spring,2012,Februari,0,Selasa,Holiday,Clear,11.800866000000001,12.099633,59.434799999999996,0.205717,163,3614,3777
417,2012-02-22,Spring,2012,Februari,0,Rabu,Holiday,Clear,16.229153,16.099346999999998,56.7917,0.234471,394,4379,4773
418,2012-02-23,Spring,2012,Februari,0,Kamis,Holiday,Clear,18.620846999999998,18.222286,55.45830000000001,0.190913,516,4546,5062
419,2012-02-24,Spring,2012,Februari,0,Jumat,Holiday,Cloudy_Misty,16.7075,16.849811,73.75,0.237567,246,3241,3487
420,2012-02-25,Spring,2012,Februari,0,Sabtu,Workday,Clear,11.924153,10.482674999999999,39.5833,0.421642,317,2415,2732
421,2012-02-26,Spring,2012,Februari,0,Minggu,Workday,Clear,11.445847,11.000627999999999,41.0,0.205229,515,2874,3389
422,2012-02-27,Spring,2012,Februari,0,Senin,Holiday,Clear,15.033347000000001,14.676114,49.0833,0.268033,253,4069,4322
423,2012-02-28,Spring,2012,Februari,0,Selasa,Holiday,Clear,14.725847,14.494525,39.5833,0.193417,229,4134,4363
424,2012-02-29,Spring,2012,Februari,0,Rabu,Holiday,Cloudy_Misty,14.118267999999999,14.28727,80.4783,0.179117,65,1769,1834
425,2012-03-01,Spring,2012,Maret,0,Kamis,Holiday,Clear,19.919153,19.490211,61.5417,0.226987,325,4665,4990
426,2012-03-02,Spring,2012,Maret,0,Jumat,Holiday,Cloudy_Misty,14.486653,14.753522,65.7083,0.144904,246,2948,3194
427,2012-03-03,Spring,2012,Maret,0,Sabtu,Workday,Cloudy_Misty,16.980847,16.953172000000002,62.125,0.161079,956,3110,4066
428,2012-03-04,Spring,2012,Maret,0,Minggu,Workday,Clear,13.359153,12.423860999999999,40.3333,0.334571,710,2713,3423
429,2012-03-05,Spring,2012,Maret,0,Senin,Holiday,Clear,9.976652999999999,9.888011,50.625,0.228858,203,3130,3333
430,2012-03-06,Spring,2012,Maret,0,Selasa,Holiday,Clear,10.591652999999999,10.456722,45.6667,0.200875,221,3735,3956
431,2012-03-07,Spring,2012,Maret,0,Rabu,Holiday,Clear,16.570847,15.7891,51.3333,0.345779,432,4484,4916
432,2012-03-08,Spring,2012,Maret,0,Kamis,Holiday,Clear,21.627499999999998,21.508764,56.75,0.441563,486,4896,5382
433,2012-03-09,Spring,2012,Maret,0,Jumat,Holiday,Cloudy_Misty,16.844153,16.280403,40.708299999999994,0.4148,447,4122,4569
434,2012-03-10,Spring,2012,Maret,0,Sabtu,Workday,Clear,11.7875,11.388447,35.0417,0.22575,968,3150,4118
435,2012-03-11,Spring,2012,Maret,0,Minggu,Workday,Clear,14.831299,14.74647,47.6957,0.222587,1658,3253,4911
436,2012-03-12,Spring,2012,Maret,0,Senin,Holiday,Clear,19.133347,18.843272,48.9167,0.207713,838,4460,5298
437,2012-03-13,Spring,2012,Maret,0,Selasa,Holiday,Clear,23.165,22.260089,61.75000000000001,0.23695,762,5085,5847
438,2012-03-14,Spring,2012,Maret,0,Rabu,Holiday,Clear,23.4725,22.493297000000002,50.708299999999994,0.115062,997,5315,6312
439,2012-03-15,Spring,2012,Maret,0,Kamis,Holiday,Clear,22.857499999999998,21.845825,57.958299999999994,0.149883,1005,5187,6192
440,2012-03-16,Spring,2012,Maret,0,Jumat,Holiday,Cloudy_Misty,17.869153,17.885389,84.20830000000001,0.113192,548,3830,4378
441,2012-03-17,Spring,2012,Maret,0,Sabtu,Workday,Cloudy_Misty,21.080847000000002,20.706886,75.5833,0.110704,3155,4681,7836
442,2012-03-18,Spring,2012,Maret,0,Minggu,Workday,Cloudy_Misty,19.3725,19.024,81.0,0.126883,2207,3685,5892
443,2012-03-19,Spring,2012,Maret,0,Senin,Holiday,Clear,22.345000000000002,21.845661,72.875,0.162317,982,5171,6153
444,2012-03-20,Spring,2012,Maret,0,Selasa,Holiday,Clear,22.994153,22.079853,80.7917,0.121271,1051,5042,6093
445,2012-03-21,Summer,2012,Maret,0,Rabu,Holiday,Cloudy_Misty,21.798347,21.043578,82.125,0.0895583,1122,5108,6230
446,2012-03-22,Summer,2012,Maret,0,Kamis,Holiday,Clear,22.720847,21.794247000000002,83.125,0.117562,1334,5537,6871
447,2012-03-23,Summer,2012,Maret,0,Jumat,Holiday,Cloudy_Misty,24.668346999999997,23.372747,69.41669999999999,0.1163,2469,5893,8362
448,2012-03-24,Summer,2012,Maret,0,Sabtu,Workday,Cloudy_Misty,20.6025,19.956053,88.5417,0.192783,1033,2339,3372
449,2012-03-25,Summer,2012,Maret,0,Minggu,Workday,Cloudy_Misty,17.9375,17.937008,88.0833,0.220775,1532,3464,4996
450,2012-03-26,Summer,2012,Maret,0,Senin,Holiday,Clear,18.279153,17.98875,47.7917,0.386821,795,4763,5558
451,2012-03-27,Summer,2012,Maret,0,Selasa,Holiday,Clear,13.256653,12.941813999999999,28.999999999999996,0.187192,531,4571,5102
452,2012-03-28,Summer,2012,Maret,0,Rabu,Holiday,Clear,19.850847,19.30895,48.125,0.291671,674,5024,5698
453,2012-03-29,Summer,2012,Maret,0,Kamis,Holiday,Clear,20.260847000000002,19.774464000000002,43.9167,0.31965,834,5299,6133
454,2012-03-30,Summer,2012,Maret,0,Jumat,Holiday,Cloudy_Misty,15.17,15.400461,58.0833,0.138067,796,4663,5459
455,2012-03-31,Summer,2012,Maret,0,Sabtu,Workday,Cloudy_Misty,17.390847,17.290028,73.83330000000001,0.250617,2301,3934,6235
456,2012-04-01,Summer,2012,April,0,Minggu,Workday,Cloudy_Misty,17.459153,17.108767,67.625,0.172267,2347,3694,6041
457,2012-04-02,Summer,2012,April,0,Senin,Holiday,Clear,17.790433,17.528033,50.4348,0.312139,1208,4728,5936
458,2012-04-03,Summer,2012,April,0,Selasa,Holiday,Clear,19.133347,18.920803,39.6667,0.100133,1348,5424,6772
459,2012-04-04,Summer,2012,April,0,Rabu,Holiday,Clear,22.208347,21.87145,46.958299999999994,0.180975,1058,5378,6436
460,2012-04-05,Summer,2012,April,0,Kamis,Holiday,Clear,17.835,17.677683000000002,37.416700000000006,0.219529,1192,5265,6457
461,2012-04-06,Summer,2012,April,0,Jumat,Holiday,Clear,16.536653,16.021447,37.7083,0.300388,1807,4653,6460
462,2012-04-07,Summer,2012,April,0,Sabtu,Workday,Clear,17.9375,17.471289,25.4167,0.274871,3252,3605,6857
463,2012-04-08,Summer,2012,April,0,Minggu,Workday,Clear,20.5,20.189425,27.5833,0.232596,2230,2939,5169
464,2012-04-09,Summer,2012,April,0,Senin,Holiday,Clear,20.055847,19.542158,31.75,0.358196,905,4680,5585
465,2012-04-10,Summer,2012,April,0,Selasa,Holiday,Clear,18.313347,17.885552999999998,43.5,0.249375,819,5099,5918
466,2012-04-11,Summer,2012,April,0,Rabu,Holiday,Clear,14.296536,13.828234,46.9565,0.295274,482,4380,4862
467,2012-04-12,Summer,2012,April,0,Kamis,Holiday,Clear,16.2975,15.891764,46.625,0.290429,663,4746,5409
468,2012-04-13,Summer,2012,April,0,Jumat,Holiday,Clear,18.142500000000002,17.704128,40.8333,0.155471,1252,5146,6398
469,2012-04-14,Summer,2012,April,0,Sabtu,Workday,Clear,20.294999999999998,20.007836,50.29169999999999,0.190917,2795,4665,7460
470,2012-04-15,Summer,2012,April,0,Minggu,Workday,Clear,24.873347,23.528875,50.79169999999999,0.225129,2846,4286,7132
471,2012-04-16,Summer,2012,April,1,Senin,Workday,Clear,27.230846999999997,25.211925,56.166700000000006,0.284829,1198,5172,6370
472,2012-04-17,Summer,2012,April,0,Selasa,Holiday,Clear,24.941653000000002,24.537967,39.0417,0.273629,989,5702,6691
473,2012-04-18,Summer,2012,April,0,Rabu,Holiday,Cloudy_Misty,18.996653,18.738558,56.9167,0.167912,347,4020,4367
474,2012-04-19,Summer,2012,April,0,Kamis,Holiday,Clear,20.431653,20.214886,61.25000000000001,0.0659292,846,5719,6565
475,2012-04-20,Summer,2012,April,0,Jumat,Holiday,Clear,21.593347,21.146774999999998,69.4583,0.149871,1340,5950,7290
476,2012-04-21,Summer,2012,April,0,Sabtu,Workday,Clear,23.369999999999997,22.259761,68.2917,0.283587,2541,4083,6624
477,2012-04-22,Summer,2012,April,0,Minggu,Workday,Light_rain_snow,16.263347,15.969664,83.54169999999999,0.344546,120,907,1027
478,2012-04-23,Summer,2012,April,0,Senin,Holiday,Cloudy_Misty,13.188346999999998,12.346124999999999,76.66669999999999,0.303496,195,3019,3214
479,2012-04-24,Summer,2012,April,0,Selasa,Holiday,Clear,16.946653,16.616603,45.4167,0.249383,518,5115,5633
480,2012-04-25,Summer,2012,April,0,Rabu,Holiday,Clear,19.543347,19.282996999999998,42.7917,0.118792,655,5541,6196
481,2012-04-26,Summer,2012,April,0,Kamis,Holiday,Cloudy_Misty,20.431653,19.826902999999998,75.66669999999999,0.176625,475,4551,5026
482,2012-04-27,Summer,2012,April,0,Jumat,Holiday,Clear,18.7575,18.558117,40.0833,0.347633,1014,5219,6233
483,2012-04-28,Summer,2012,April,0,Sabtu,Workday,Cloudy_Misty,15.443347,15.477664,48.9583,0.129975,1120,3100,4220
484,2012-04-29,Summer,2012,April,0,Minggu,Workday,Clear,18.791653,18.454961,58.7083,0.116908,2229,4075,6304
485,2012-04-30,Summer,2012,April,0,Senin,Holiday,Cloudy_Misty,19.030847,18.765536,56.99999999999999,0.171638,665,4907,5572
486,2012-05-01,Summer,2012,Mei,0,Selasa,Holiday,Cloudy_Misty,25.146653,23.657861,65.95830000000001,0.156096,653,5087,5740
487,2012-05-02,Summer,2012,Mei,0,Rabu,Holiday,Clear,23.130847,22.053736,79.7083,0.138058,667,5502,6169
488,2012-05-03,Summer,2012,Mei,0,Kamis,Holiday,Cloudy_Misty,22.96,22.026922,76.83330000000001,0.133696,764,5657,6421
489,2012-05-04,Summer,2012,Mei,0,Jumat,Holiday,Clear,25.7275,24.227597,73.54169999999999,0.162938,1069,5227,6296
490,2012-05-05,Summer,2012,Mei,0,Sabtu,Workday,Cloudy_Misty,25.488346999999997,23.968928000000002,75.66669999999999,0.152992,2496,4387,6883
491,2012-05-06,Summer,2012,Mei,0,Minggu,Workday,Cloudy_Misty,23.0625,22.416217,74.0,0.149879,2135,4224,6359
492,2012-05-07,Summer,2012,Mei,0,Senin,Holiday,Cloudy_Misty,22.037499999999998,21.612822,66.41669999999999,0.230721,1008,5265,6273
493,2012-05-08,Summer,2012,Mei,0,Selasa,Holiday,Cloudy_Misty,23.848347,22.856311,68.58330000000001,0.296029,738,4990,5728
494,2012-05-09,Summer,2012,Mei,0,Rabu,Holiday,Cloudy_Misty,23.575,22.674025,74.4167,0.216412,620,4097,4717
495,2012-05-10,Summer,2012,Mei,0,Kamis,Holiday,Clear,20.739152999999998,20.163103,55.2083,0.314063,1026,5546,6572
496,2012-05-11,Summer,2012,Mei,0,Jumat,Holiday,Clear,21.866653,21.354153,36.0417,0.236937,1319,5711,7030
497,2012-05-12,Summer,2012,Mei,0,Sabtu,Workday,Clear,23.130847,22.337497,48.0417,0.123133,2622,4807,7429
498,2012-05-13,Summer,2012,Mei,0,Minggu,Workday,Clear,25.1125,23.994758,57.62500000000001,0.225117,2172,3946,6118
499,2012-05-14,Summer,2012,Mei,0,Senin,Holiday,Cloudy_Misty,23.506653,22.545900000000003,78.95830000000001,0.212692,342,2501,2843
500,2012-05-15,Summer,2012,Mei,0,Selasa,Holiday,Cloudy_Misty,25.078346999999997,23.632564000000002,79.45830000000001,0.147392,625,4490,5115
501,2012-05-16,Summer,2012,Mei,0,Rabu,Holiday,Clear,26.103347,24.434975,69.7917,0.122512,991,6433,7424
502,2012-05-17,Summer,2012,Mei,0,Kamis,Holiday,Clear,24.326653,23.477133000000002,52.0,0.229475,1242,6142,7384
503,2012-05-18,Summer,2012,Mei,0,Jumat,Holiday,Clear,23.130847,22.595961,52.33330000000001,0.136817,1521,6118,7639
504,2012-05-19,Summer,2012,Mei,0,Sabtu,Workday,Clear,24.599999999999998,23.243228,45.625,0.083975,3410,4884,8294
505,2012-05-20,Summer,2012,Mei,0,Minggu,Workday,Clear,25.454152999999998,23.942647,53.041700000000006,0.254367,2704,4425,7129
506,2012-05-21,Summer,2012,Mei,0,Senin,Holiday,Cloudy_Misty,24.531653,23.192347,81.125,0.233204,630,3729,4359
507,2012-05-22,Summer,2012,Mei,0,Selasa,Holiday,Cloudy_Misty,25.215,23.813825,76.5833,0.118167,819,5254,6073
508,2012-05-23,Summer,2012,Mei,0,Rabu,Holiday,Cloudy_Misty,25.488346999999997,23.969092,77.45830000000001,0.102,766,4494,5260
509,2012-05-24,Summer,2012,Mei,0,Kamis,Holiday,Clear,26.855,24.8747,71.6667,0.172896,1059,5711,6770
510,2012-05-25,Summer,2012,Mei,0,Jumat,Holiday,Clear,27.880000000000003,25.728689,74.70830000000001,0.14055,1417,5317,6734
511,2012-05-26,Summer,2012,Mei,0,Sabtu,Workday,Clear,28.392500000000002,26.350536,73.25,0.198992,2855,3681,6536
512,2012-05-27,Summer,2012,Mei,0,Minggu,Workday,Clear,28.29,26.298425,69.7083,0.215171,3283,3308,6591
513,2012-05-28,Summer,2012,Mei,1,Senin,Workday,Clear,29.212500000000002,27.851300000000002,67.625,0.196521,2557,3486,6043
514,2012-05-29,Summer,2012,Mei,0,Selasa,Holiday,Clear,29.622500000000002,27.592672,68.45830000000001,0.2954,880,4863,5743
515,2012-05-30,Summer,2012,Mei,0,Rabu,Holiday,Cloudy_Misty,26.923347,25.056289,67.0,0.134329,745,6110,6855
516,2012-05-31,Summer,2012,Mei,0,Kamis,Holiday,Clear,27.880000000000003,25.884489000000002,49.2917,0.195279,1100,6238,7338
517,2012-06-01,Summer,2012,Juni,0,Jumat,Holiday,Cloudy_Misty,26.820847,24.926442,75.5417,0.237563,533,3594,4127
518,2012-06-02,Summer,2012,Juni,0,Sabtu,Workday,Clear,23.916653,23.217808,54.9167,0.186562,2795,5325,8120
519,2012-06-03,Summer,2012,Juni,0,Minggu,Workday,Clear,24.7025,23.580453,49.3333,0.184087,2494,5147,7641
520,2012-06-04,Summer,2012,Juni,0,Senin,Holiday,Clear,24.497500000000002,23.709603,48.7083,0.284833,1071,5927,6998
521,2012-06-05,Summer,2012,Juni,0,Selasa,Holiday,Cloudy_Misty,22.174153,21.561572,61.3333,0.209575,968,6033,7001
522,2012-06-06,Summer,2012,Juni,0,Rabu,Holiday,Clear,22.720847,22.233972,61.12499999999999,0.077125,1027,6028,7055
523,2012-06-07,Summer,2012,Juni,0,Kamis,Holiday,Clear,24.7025,23.347122,56.7083,0.15735,1038,6456,7494
524,2012-06-08,Summer,2012,Juni,0,Jumat,Holiday,Clear,26.615847000000002,24.512342,46.791700000000006,0.175383,1488,6248,7736
525,2012-06-09,Summer,2012,Juni,0,Sabtu,Workday,Clear,29.144153000000003,26.583047,43.7083,0.144287,2708,4790,7498
526,2012-06-10,Summer,2012,Juni,0,Minggu,Workday,Clear,29.793346999999997,27.204197,53.833299999999994,0.133721,2224,4374,6598
527,2012-06-11,Summer,2012,Juni,0,Senin,Holiday,Cloudy_Misty,29.554153,27.048561,58.791700000000006,0.207713,1017,5647,6664
528,2012-06-12,Summer,2012,Juni,0,Selasa,Holiday,Cloudy_Misty,26.786653,24.512875,83.3333,0.214546,477,4495,4972
529,2012-06-13,Summer,2012,Juni,0,Rabu,Holiday,Clear,26.889153,25.055797000000002,58.2083,0.343279,1173,6248,7421
530,2012-06-14,Summer,2012,Juni,0,Kamis,Holiday,Clear,26.581653000000003,25.599703,56.958299999999994,0.253733,1180,6183,7363
531,2012-06-15,Summer,2012,Juni,0,Jumat,Holiday,Clear,26.205847000000002,24.589914,58.958299999999994,0.176617,1563,6102,7665
532,2012-06-16,Summer,2012,Juni,0,Sabtu,Workday,Clear,25.898346999999998,24.383028,50.416700000000006,0.166667,2963,4739,7702
533,2012-06-17,Summer,2012,Juni,0,Minggu,Workday,Clear,24.2925,23.450975,59.875,0.144904,2634,4344,6978
534,2012-06-18,Summer,2012,Juni,0,Senin,Holiday,Cloudy_Misty,23.301652999999998,22.338522,77.79169999999999,0.174746,653,4446,5099
535,2012-06-19,Summer,2012,Juni,0,Selasa,Holiday,Clear,28.221653,26.842372,69.0,0.148017,968,5857,6825
536,2012-06-20,Summer,2012,Juni,0,Rabu,Holiday,Clear,32.082499999999996,29.559975,59.2083,0.113812,872,5339,6211
537,2012-06-21,Fall,2012,Juni,0,Kamis,Holiday,Clear,33.039153,30.854222,56.7917,0.118787,778,5127,5905
538,2012-06-22,Fall,2012,Juni,0,Jumat,Holiday,Clear,31.877499999999998,29.688961,57.375,0.182842,964,4859,5823
539,2012-06-23,Fall,2012,Juni,0,Sabtu,Workday,Clear,29.998347,26.764472,53.4583,0.179721,2657,4801,7458
540,2012-06-24,Fall,2012,Juni,0,Minggu,Workday,Clear,30.476653000000002,27.644414,47.9167,0.145525,2551,4340,6891
541,2012-06-25,Fall,2012,Juni,0,Senin,Holiday,Clear,29.349153,26.815722,50.416700000000006,0.300383,1139,5640,6779
542,2012-06-26,Fall,2012,Juni,0,Selasa,Holiday,Clear,25.864152999999998,24.382864,37.3333,0.347642,1077,6365,7442
543,2012-06-27,Fall,2012,Juni,0,Rabu,Holiday,Clear,28.5975,26.272472,36.0,0.271775,1077,6258,7335
544,2012-06-28,Fall,2012,Juni,0,Kamis,Holiday,Clear,30.715847,27.695992,42.25,0.17165,921,5958,6879
545,2012-06-29,Fall,2012,Juni,0,Jumat,Holiday,Clear,34.200847,32.251133,48.875,0.165417,829,4634,5463
546,2012-06-30,Fall,2012,Juni,0,Sabtu,Workday,Clear,31.365000000000002,28.187828,60.12499999999999,0.161071,1455,4232,5687
547,2012-07-01,Fall,2012,Juli,0,Minggu,Workday,Clear,33.449153,30.775789,51.87500000000001,0.168529,1421,4110,5531
548,2012-07-02,Fall,2012,Juli,0,Senin,Holiday,Clear,32.048347,28.783558000000003,44.7083,0.195267,904,5323,6227
549,2012-07-03,Fall,2012,Juli,0,Selasa,Holiday,Clear,32.014153,28.80865,49.2083,0.126237,1052,5608,6660
550,2012-07-04,Fall,2012,Juli,1,Rabu,Workday,Clear,32.355847,30.025817,53.87499999999999,0.13495,2562,4841,7403
551,2012-07-05,Fall,2012,Juli,0,Kamis,Holiday,Clear,33.9275,31.216047,45.7917,0.194029,1405,4836,6241
552,2012-07-06,Fall,2012,Juli,0,Jumat,Holiday,Clear,33.961653,30.853853,45.0833,0.146142,1366,4841,6207
553,2012-07-07,Fall,2012,Juli,0,Sabtu,Workday,Clear,35.328347,33.001433,49.2083,0.163554,1448,3392,4840
554,2012-07-08,Fall,2012,Juli,0,Minggu,Workday,Clear,33.722500000000004,32.406236,57.375,0.125629,1203,3469,4672
555,2012-07-09,Fall,2012,Juli,0,Senin,Holiday,Cloudy_Misty,29.144153000000003,26.816214000000002,68.3333,0.180975,998,5571,6569
556,2012-07-10,Fall,2012,Juli,0,Selasa,Holiday,Cloudy_Misty,29.554153,27.256636000000004,66.75,0.151737,954,5336,6290
557,2012-07-11,Fall,2012,Juli,0,Rabu,Holiday,Clear,29.383347,26.661111000000002,63.3333,0.151733,975,6289,7264
558,2012-07-12,Fall,2012,Juli,0,Kamis,Holiday,Clear,29.349153,26.842003000000002,52.9583,0.146775,1032,6414,7446
559,2012-07-13,Fall,2012,Juli,0,Jumat,Holiday,Cloudy_Misty,29.998347,27.385253,48.5833,0.08085,1511,5988,7499
560,2012-07-14,Fall,2012,Juli,0,Sabtu,Workday,Cloudy_Misty,28.836653,27.307722000000002,69.91669999999999,0.143679,2355,4614,6969
561,2012-07-15,Fall,2012,Juli,0,Minggu,Workday,Clear,30.579152999999998,28.913036,71.7917,0.166667,1920,4111,6031
562,2012-07-16,Fall,2012,Juli,0,Senin,Holiday,Clear,31.296653000000003,29.689125,64.5,0.164187,1088,5742,6830
563,2012-07-17,Fall,2012,Juli,0,Selasa,Holiday,Clear,33.551653,30.983003,50.583299999999994,0.114429,921,5865,6786
564,2012-07-18,Fall,2012,Juli,0,Rabu,Holiday,Clear,32.526652999999996,30.568903,57.7083,0.137442,799,4914,5713
565,2012-07-19,Fall,2012,Juli,0,Kamis,Holiday,Clear,31.57,29.300322,60.0417,0.165429,888,5703,6591
566,2012-07-20,Fall,2012,Juli,0,Jumat,Holiday,Cloudy_Misty,27.299153,25.134025,84.4167,0.208967,747,5123,5870
567,2012-07-21,Fall,2012,Juli,0,Sabtu,Workday,Light_rain_snow,24.429153,22.546391999999997,86.5417,0.2133,1264,3195,4459
568,2012-07-22,Fall,2012,Juli,0,Minggu,Workday,Cloudy_Misty,27.3675,25.548125000000002,76.25,0.0939208,2544,4866,7410
569,2012-07-23,Fall,2012,Juli,0,Senin,Holiday,Clear,30.408347,28.290696999999998,69.41669999999999,0.138683,1135,5831,6966
570,2012-07-24,Fall,2012,Juli,0,Selasa,Holiday,Clear,30.784153,28.96445,65.5,0.211454,1140,6452,7592
571,2012-07-25,Fall,2012,Juli,0,Rabu,Holiday,Clear,29.690847,26.816214000000002,45.0,0.1648,1383,6790,8173
572,2012-07-26,Fall,2012,Juli,0,Kamis,Holiday,Clear,31.843347,30.309783,59.66669999999999,0.284813,1036,5825,6861
573,2012-07-27,Fall,2012,Juli,0,Jumat,Holiday,Clear,32.048347,30.102897,59.458299999999994,0.152992,1259,5645,6904
574,2012-07-28,Fall,2012,Juli,0,Sabtu,Workday,Clear,30.989152999999998,28.601764,61.3333,0.15735,2234,4451,6685
575,2012-07-29,Fall,2012,Juli,0,Minggu,Workday,Clear,29.588347,27.385253,62.375,0.170396,2153,4444,6597
576,2012-07-30,Fall,2012,Juli,0,Senin,Holiday,Clear,29.964153,28.084467,66.875,0.153617,1040,6065,7105
577,2012-07-31,Fall,2012,Juli,0,Selasa,Holiday,Clear,29.246653,27.178736,70.41669999999999,0.165425,968,6248,7216
578,2012-08-01,Fall,2012,Agustus,0,Rabu,Holiday,Clear,29.4175,27.359628,67.75,0.141179,1074,6506,7580
579,2012-08-02,Fall,2012,Agustus,0,Kamis,Holiday,Clear,30.8525,28.990608,65.95830000000001,0.129354,983,6278,7261
580,2012-08-03,Fall,2012,Agustus,0,Jumat,Holiday,Cloudy_Misty,31.399153,29.637547,64.25,0.215792,1328,5847,7175
581,2012-08-04,Fall,2012,Agustus,0,Sabtu,Workday,Clear,32.526652999999996,30.801947000000002,61.3333,0.257458,2345,4479,6824
582,2012-08-05,Fall,2012,Agustus,0,Minggu,Workday,Clear,31.535847,29.974239,65.25,0.290421,1707,3757,5464
583,2012-08-06,Fall,2012,Agustus,0,Senin,Holiday,Cloudy_Misty,30.8525,29.120086,65.4167,0.129354,1233,5780,7013
584,2012-08-07,Fall,2012,Agustus,0,Selasa,Holiday,Cloudy_Misty,30.169152999999998,28.602461,70.375,0.116908,1278,5995,7273
585,2012-08-08,Fall,2012,Agustus,0,Rabu,Holiday,Cloudy_Misty,30.75,29.016397,67.29169999999999,0.1107,1263,6271,7534
586,2012-08-09,Fall,2012,Agustus,0,Kamis,Holiday,Clear,30.989152999999998,28.679828,62.0417,0.1561,1196,6090,7286
587,2012-08-10,Fall,2012,Agustus,0,Jumat,Holiday,Cloudy_Misty,29.349153,27.385622,71.58330000000001,0.238813,1065,4721,5786
588,2012-08-11,Fall,2012,Agustus,0,Sabtu,Workday,Cloudy_Misty,28.392500000000002,26.168947000000003,73.2917,0.206479,2247,4052,6299
589,2012-08-12,Fall,2012,Agustus,0,Minggu,Workday,Clear,28.734153000000003,26.427739,53.041700000000006,0.122512,2182,4362,6544
590,2012-08-13,Fall,2012,Agustus,0,Senin,Holiday,Clear,29.554153,27.152414,54.541700000000006,0.136212,1207,5676,6883
591,2012-08-14,Fall,2012,Agustus,0,Selasa,Holiday,Clear,29.793346999999997,27.747939000000002,68.6667,0.169158,1128,5656,6784
592,2012-08-15,Fall,2012,Agustus,0,Rabu,Holiday,Clear,28.973347,26.815517,61.9583,0.169771,1198,6149,7347
593,2012-08-16,Fall,2012,Agustus,0,Kamis,Holiday,Clear,29.485847,26.842208000000003,51.916700000000006,0.141796,1338,6267,7605
594,2012-08-17,Fall,2012,Agustus,0,Jumat,Holiday,Clear,29.656653,9.9384,57.0833,0.231354,1483,5665,7148
595,2012-08-18,Fall,2012,Agustus,0,Sabtu,Workday,Clear,27.811653,25.340911000000002,60.3333,0.177867,2827,5038,7865
596,2012-08-19,Fall,2012,Agustus,0,Minggu,Workday,Cloudy_Misty,26.069153,24.745714000000003,71.1667,0.08645,1208,3341,4549
597,2012-08-20,Fall,2012,Agustus,0,Senin,Holiday,Cloudy_Misty,26.069153,24.434647000000002,73.4167,0.129979,1026,5504,6530
598,2012-08-21,Fall,2012,Agustus,0,Selasa,Holiday,Clear,26.615847000000002,24.642025,67.375,0.0727708,1081,5925,7006
599,2012-08-22,Fall,2012,Agustus,0,Rabu,Holiday,Clear,27.3675,25.496014000000002,67.7083,0.0702833,1094,6281,7375
600,2012-08-23,Fall,2012,Agustus,0,Kamis,Holiday,Clear,28.529153,26.117328,63.5833,0.0845958,1363,6402,7765
601,2012-08-24,Fall,2012,Agustus,0,Jumat,Holiday,Cloudy_Misty,28.802500000000002,26.531100000000002,61.5,0.0721458,1325,6257,7582
602,2012-08-25,Fall,2012,Agustus,0,Sabtu,Workday,Cloudy_Misty,27.128347,25.366536,71.2917,0.244408,1829,4224,6053
603,2012-08-26,Fall,2012,Agustus,0,Minggu,Workday,Cloudy_Misty,26.786653,24.435836,84.5833,0.228858,1483,3772,5255
604,2012-08-27,Fall,2012,Agustus,0,Senin,Holiday,Clear,28.836653,26.842208000000003,73.04169999999999,0.128733,989,5928,6917
605,2012-08-28,Fall,2012,Agustus,0,Selasa,Holiday,Clear,29.861653,27.30805,62.0,0.190925,935,6105,7040
606,2012-08-29,Fall,2012,Agustus,0,Rabu,Holiday,Clear,28.085,26.065053,55.2083,0.112562,1177,6520,7697
607,2012-08-30,Fall,2012,Agustus,0,Kamis,Holiday,Clear,28.973347,26.763939,59.0417,0.0771167,1172,6541,7713
608,2012-08-31,Fall,2012,Agustus,0,Jumat,Holiday,Clear,31.330847000000002,28.2654,58.75,0.168533,1433,5917,7350
609,2012-09-01,Fall,2012,September,0,Sabtu,Workday,Cloudy_Misty,30.886653000000003,28.808814,63.8333,0.113187,2352,3788,6140
610,2012-09-02,Fall,2012,September,0,Minggu,Workday,Cloudy_Misty,28.563347,26.609,81.5,0.0640708,2613,3197,5810
611,2012-09-03,Fall,2012,September,1,Senin,Workday,Clear,29.0075,27.126789000000002,79.0833,0.151121,1965,4069,6034
612,2012-09-04,Fall,2012,September,0,Selasa,Holiday,Clear,29.759152999999998,28.162408000000003,75.5,0.236321,867,5997,6864
613,2012-09-05,Fall,2012,September,0,Rabu,Holiday,Clear,30.203346999999997,29.068303,74.125,0.187808,832,6280,7112
614,2012-09-06,Fall,2012,September,0,Kamis,Holiday,Cloudy_Misty,28.563347,26.868489000000004,81.0417,0.142421,611,5592,6203
615,2012-09-07,Fall,2012,September,0,Jumat,Holiday,Clear,28.836653,26.945364,73.625,0.171646,1045,6459,7504
616,2012-09-08,Fall,2012,September,0,Sabtu,Workday,Cloudy_Misty,27.025847,25.055961,79.91669999999999,0.281104,1557,4419,5976
617,2012-09-09,Fall,2012,September,0,Minggu,Workday,Clear,25.009999999999998,23.735925,54.75,0.224496,2570,5657,8227
618,2012-09-10,Fall,2012,September,0,Senin,Holiday,Clear,23.916653,23.191814,50.375,0.258713,1118,6407,7525
619,2012-09-11,Fall,2012,September,0,Selasa,Holiday,Clear,23.677500000000002,22.725972,52.0,0.0920542,1070,6697,7767
620,2012-09-12,Fall,2012,September,0,Rabu,Holiday,Clear,24.565847,23.373075,57.7083,0.131846,1050,6820,7870
621,2012-09-13,Fall,2012,September,0,Kamis,Holiday,Clear,25.1125,23.761878,63.708299999999994,0.0827208,1054,6750,7804
622,2012-09-14,Fall,2012,September,0,Jumat,Holiday,Clear,25.966653,24.357403,67.25,0.103863,1379,6630,8009
623,2012-09-15,Fall,2012,September,0,Sabtu,Workday,Clear,24.941653000000002,24.020547,50.1667,0.247521,3160,5554,8714
624,2012-09-16,Fall,2012,September,0,Minggu,Workday,Clear,23.779999999999998,23.088124999999998,56.99999999999999,0.0901833,2166,5167,7333
625,2012-09-17,Fall,2012,September,0,Senin,Holiday,Cloudy_Misty,23.814153,22.675050000000002,73.4583,0.151742,1022,5847,6869
626,2012-09-18,Fall,2012,September,0,Selasa,Holiday,Cloudy_Misty,25.556653,23.167747,87.25,0.357587,371,3702,4073
627,2012-09-19,Fall,2012,September,0,Rabu,Holiday,Clear,22.6525,22.156564,53.6667,0.215175,788,6803,7591
628,2012-09-20,Fall,2012,September,0,Kamis,Holiday,Clear,22.413347,21.819872,61.8333,0.118167,939,6781,7720
629,2012-09-21,Fall,2012,September,0,Jumat,Holiday,Clear,24.565847,23.450811,66.875,0.154229,1250,6917,8167
630,2012-09-22,Fall,2012,September,0,Sabtu,Workday,Clear,26.650000000000002,25.030008000000002,64.6667,0.283583,2512,5883,8395
631,2012-09-23,Winter,2012,September,0,Minggu,Workday,Clear,21.695847,21.276253,46.7083,0.223258,2454,5453,7907
632,2012-09-24,Winter,2012,September,0,Senin,Holiday,Clear,21.080847000000002,20.603033,49.2917,0.142404,1001,6435,7436
633,2012-09-25,Winter,2012,September,0,Selasa,Holiday,Clear,22.55,22.311339,56.99999999999999,0.236321,845,6693,7538
634,2012-09-26,Winter,2012,September,0,Rabu,Holiday,Clear,26.035,24.461132999999997,63.083299999999994,0.2444,787,6946,7733
635,2012-09-27,Winter,2012,September,0,Kamis,Holiday,Cloudy_Misty,26.650000000000002,24.926975000000002,69.08330000000001,0.134342,751,6642,7393
636,2012-09-28,Winter,2012,September,0,Jumat,Holiday,Cloudy_Misty,25.385847000000002,24.020383000000002,69.0,0.164179,1045,6370,7415
637,2012-09-29,Winter,2012,September,0,Sabtu,Workday,Clear,22.2425,21.742136,54.2917,0.227604,2589,5966,8555
638,2012-09-30,Winter,2012,September,0,Minggu,Workday,Clear,21.593347,21.224183,58.3333,0.134958,2015,4874,6889
639,2012-10-01,Winter,2012,Oktober,0,Senin,Holiday,Cloudy_Misty,21.354153,20.992,64.9167,0.0908042,763,6015,6778
640,2012-10-02,Winter,2012,Oktober,0,Selasa,Holiday,Light_rain_snow,24.224153,22.235653,87.16669999999999,0.104475,315,4324,4639
641,2012-10-03,Winter,2012,Oktober,0,Rabu,Holiday,Cloudy_Misty,26.9575,24.564453,79.375,0.0665458,728,6844,7572
642,2012-10-04,Winter,2012,Oktober,0,Kamis,Holiday,Cloudy_Misty,26.9575,24.926975000000002,72.2917,0.117546,891,6437,7328
643,2012-10-05,Winter,2012,Oktober,0,Jumat,Holiday,Clear,25.215,23.787667,62.74999999999999,0.10635,1516,6640,8156
644,2012-10-06,Winter,2012,Oktober,0,Sabtu,Workday,Clear,22.720847,22.079361000000002,66.41669999999999,0.268025,3031,4934,7965
645,2012-10-07,Winter,2012,Oktober,0,Minggu,Workday,Cloudy_Misty,17.049153,17.212333,70.8333,0.141162,781,2729,3510
646,2012-10-08,Winter,2012,Oktober,1,Senin,Workday,Cloudy_Misty,15.716652999999999,15.891928,70.9583,0.189679,874,4604,5478
647,2012-10-09,Winter,2012,Oktober,0,Selasa,Holiday,Cloudy_Misty,18.313347,17.962592,76.16669999999999,0.1903,601,5791,6392
648,2012-10-10,Winter,2012,Oktober,0,Rabu,Holiday,Clear,21.080847000000002,20.628822,63.083299999999994,0.187821,780,6911,7691
649,2012-10-11,Winter,2012,Oktober,0,Kamis,Holiday,Clear,17.835,17.677847,46.3333,0.181596,834,6736,7570
650,2012-10-12,Winter,2012,Oktober,0,Jumat,Holiday,Clear,17.9375,17.755910999999998,53.91669999999999,0.235092,1060,6222,7282
651,2012-10-13,Winter,2012,Oktober,0,Sabtu,Workday,Clear,16.126653,16.047236,49.4583,0.146142,2252,4857,7109
652,2012-10-14,Winter,2012,Oktober,0,Minggu,Workday,Clear,21.388347,20.836364,64.0417,0.278612,2080,4559,6639
653,2012-10-15,Winter,2012,Oktober,0,Senin,Holiday,Cloudy_Misty,23.028347,22.105150000000002,70.75,0.296037,760,5115,5875
654,2012-10-16,Winter,2012,Oktober,0,Selasa,Holiday,Clear,19.201653,18.894686,55.833299999999994,0.182221,922,6612,7534
655,2012-10-17,Winter,2012,Oktober,0,Rabu,Holiday,Clear,18.689153,18.454428,69.2917,0.101371,979,6482,7461
656,2012-10-18,Winter,2012,Oktober,0,Kamis,Holiday,Cloudy_Misty,21.4225,21.017625,72.8333,0.236937,1008,6501,7509
657,2012-10-19,Winter,2012,Oktober,0,Jumat,Holiday,Cloudy_Misty,23.096653,22.053736,81.5,0.134954,753,4671,5424
658,2012-10-20,Winter,2012,Oktober,0,Sabtu,Workday,Clear,19.850847,19.386522,57.2917,0.117537,2806,5284,8090
659,2012-10-21,Winter,2012,Oktober,0,Minggu,Workday,Clear,19.030847,18.713589,51.0,0.166054,2132,4692,6824
660,2012-10-22,Winter,2012,Oktober,0,Senin,Holiday,Clear,19.9875,19.800622,56.833299999999994,0.0814833,830,6228,7058
661,2012-10-23,Winter,2012,Oktober,0,Selasa,Holiday,Clear,22.310847,21.742464,64.16669999999999,0.0945458,841,6625,7466
662,2012-10-24,Winter,2012,Oktober,0,Rabu,Holiday,Clear,24.087500000000002,22.907561,63.625,0.0727792,795,6898,7693
663,2012-10-25,Winter,2012,Oktober,0,Kamis,Holiday,Cloudy_Misty,22.55,21.717208000000003,80.0417,0.124375,875,6484,7359
664,2012-10-26,Winter,2012,Oktober,0,Jumat,Holiday,Cloudy_Misty,22.379153000000002,21.432750000000002,80.7083,0.132467,1182,6262,7444
665,2012-10-27,Winter,2012,Oktober,0,Sabtu,Workday,Cloudy_Misty,21.73,21.120452999999998,72.0,0.235692,2643,5209,7852
666,2012-10-28,Winter,2012,Oktober,0,Minggu,Workday,Cloudy_Misty,19.5775,19.178611,69.4583,0.398008,998,3461,4459
667,2012-10-29,Winter,2012,Oktober,0,Senin,Holiday,Light_rain_snow,18.04,18.0154,88.0,0.3582,2,20,22
668,2012-10-30,Winter,2012,Oktober,0,Selasa,Holiday,Cloudy_Misty,13.045462,12.706268999999999,82.5455,0.213009,87,1009,1096
669,2012-10-31,Winter,2012,Oktober,0,Rabu,Holiday,Cloudy_Misty,14.657499999999999,14.8051,66.6667,0.166667,419,5147,5566
670,2012-11-01,Winter,2012,November,0,Kamis,Holiday,Cloudy_Misty,14.999153000000002,15.167622,58.166700000000006,0.157346,466,5520,5986
671,2012-11-02,Winter,2012,November,0,Jumat,Holiday,Clear,14.555,14.597722000000001,52.208299999999994,0.266175,618,5229,5847
672,2012-11-03,Winter,2012,November,0,Sabtu,Workday,Cloudy_Misty,14.076653,13.277686000000001,49.125,0.270529,1029,4109,5138
673,2012-11-04,Winter,2012,November,0,Minggu,Workday,Clear,13.359153,13.511058,53.2917,0.179108,1201,3906,5107
674,2012-11-05,Winter,2012,November,0,Senin,Holiday,Clear,13.085847,12.631075,49.416700000000006,0.236325,378,4881,5259
675,2012-11-06,Winter,2012,November,0,Selasa,Holiday,Clear,11.514153,11.544247,56.7083,0.173513,466,5220,5686
676,2012-11-07,Winter,2012,November,0,Rabu,Holiday,Cloudy_Misty,12.129153,11.259461,54.75,0.304108,326,4709,5035
677,2012-11-08,Winter,2012,November,0,Kamis,Holiday,Clear,14.439134,14.017531,33.3478,0.347835,340,4975,5315
678,2012-11-09,Winter,2012,November,0,Jumat,Holiday,Clear,14.828347,14.571933,54.0833,0.214558,709,5283,5992
679,2012-11-10,Winter,2012,November,0,Sabtu,Workday,Clear,15.955846999999999,16.151417,64.5417,0.0578458,2090,4446,6536
680,2012-11-11,Winter,2012,November,0,Minggu,Workday,Clear,17.254153000000002,17.290233,65.91669999999999,0.1275,2290,4562,6852
681,2012-11-12,Winter,2012,November,1,Senin,Workday,Clear,19.884999999999998,19.490703,74.16669999999999,0.173517,1097,5172,6269
682,2012-11-13,Winter,2012,November,0,Selasa,Holiday,Cloudy_Misty,14.076653,13.252225,66.29169999999999,0.342046,327,3767,4094
683,2012-11-14,Winter,2012,November,0,Rabu,Holiday,Clear,11.855847,11.544083,55.2083,0.199625,373,5122,5495
684,2012-11-15,Winter,2012,November,0,Kamis,Holiday,Cloudy_Misty,13.188346999999998,13.304172,62.0417,0.152987,320,5125,5445
685,2012-11-16,Winter,2012,November,0,Jumat,Holiday,Clear,14.145,14.235364,52.4583,0.171025,484,5214,5698
686,2012-11-17,Winter,2012,November,0,Sabtu,Workday,Clear,13.325000000000001,13.381703,54.541700000000006,0.179729,1313,4316,5629
687,2012-11-18,Winter,2012,November,0,Minggu,Workday,Clear,14.0425,13.847586,69.2917,0.227612,922,3747,4669
688,2012-11-19,Winter,2012,November,0,Senin,Holiday,Cloudy_Misty,15.614152999999998,15.400461,62.3333,0.235067,449,5050,5499
689,2012-11-20,Winter,2012,November,0,Selasa,Holiday,Cloudy_Misty,15.340847000000002,15.607346999999999,68.5,0.082725,534,5100,5634
690,2012-11-21,Winter,2012,November,0,Rabu,Holiday,Clear,14.486653,14.960571999999999,61.375,0.103246,615,4531,5146
691,2012-11-22,Winter,2012,November,1,Kamis,Workday,Clear,13.940000000000001,14.365210999999999,58.0417,0.0528708,955,1470,2425
692,2012-11-23,Winter,2012,November,0,Jumat,Holiday,Clear,15.101653,15.529938999999999,56.875,0.148021,1603,2307,3910
693,2012-11-24,Winter,2012,November,0,Sabtu,Workday,Clear,11.411653,10.198421999999999,40.4583,0.376871,532,1745,2277
694,2012-11-25,Winter,2012,November,0,Minggu,Workday,Clear,10.079153,10.560903,46.8333,0.1505,309,2115,2424
695,2012-11-26,Winter,2012,November,0,Senin,Holiday,Clear,12.846652999999998,13.899164,53.541700000000006,0.04665,337,4750,5087
696,2012-11-27,Winter,2012,November,0,Selasa,Holiday,Cloudy_Misty,11.958347,11.543878,78.6667,0.237562,123,3836,3959
697,2012-11-28,Winter,2012,November,0,Rabu,Holiday,Clear,12.163347,11.880242,50.625,0.210821,198,5062,5260
698,2012-11-29,Winter,2012,November,0,Kamis,Holiday,Clear,11.51567,12.235302,55.565200000000004,0.115522,243,5080,5323
699,2012-11-30,Winter,2012,November,0,Jumat,Holiday,Clear,12.231653000000001,13.278547000000001,64.95830000000001,0.0584708,362,5306,5668
700,2012-12-01,Winter,2012,Desember,0,Sabtu,Workday,Cloudy_Misty,12.231653000000001,12.993064,80.6667,0.0597042,951,4240,5191
701,2012-12-02,Winter,2012,Desember,0,Minggu,Workday,Cloudy_Misty,14.247499999999999,14.727528000000001,82.3333,0.124379,892,3757,4649
702,2012-12-03,Winter,2012,Desember,0,Senin,Holiday,Clear,18.552500000000002,18.687635999999998,76.75,0.0827208,555,5679,6234
703,2012-12-04,Winter,2012,Desember,0,Selasa,Holiday,Clear,19.509153,19.231214,73.375,0.174129,551,6055,6606
704,2012-12-05,Winter,2012,Desember,0,Rabu,Holiday,Clear,17.971653,17.548492,48.5,0.324021,331,5398,5729
705,2012-12-06,Winter,2012,Desember,0,Kamis,Holiday,Clear,10.489152999999998,10.586364,50.875,0.174754,340,5035,5375
706,2012-12-07,Winter,2012,Desember,0,Jumat,Holiday,Cloudy_Misty,13.154152999999999,13.200278,76.4167,0.1306,349,4659,5008
707,2012-12-08,Winter,2012,Desember,0,Sabtu,Workday,Cloudy_Misty,15.648347,15.969828000000001,91.125,0.101379,1153,4429,5582
708,2012-12-09,Winter,2012,Desember,0,Minggu,Workday,Cloudy_Misty,15.750846999999998,15.995986,90.5417,0.157975,441,2787,3228
709,2012-12-10,Winter,2012,Desember,0,Senin,Holiday,Cloudy_Misty,17.869153,17.858575,92.5,0.190308,329,4841,5170
710,2012-12-11,Winter,2012,Desember,0,Selasa,Holiday,Cloudy_Misty,14.486653,13.872883000000002,59.66669999999999,0.296037,282,5219,5501
711,2012-12-12,Winter,2012,Desember,0,Rabu,Holiday,Cloudy_Misty,12.1975,12.190858,53.833299999999994,0.162937,310,5009,5319
712,2012-12-13,Winter,2012,Desember,0,Kamis,Holiday,Clear,12.129153,12.061708,48.5833,0.174129,425,5107,5532
713,2012-12-14,Winter,2012,Desember,0,Jumat,Holiday,Clear,11.548347,12.061872000000001,64.29169999999999,0.131229,429,5182,5611
714,2012-12-15,Winter,2012,Desember,0,Sabtu,Workday,Clear,13.290847,13.873702999999999,65.0417,0.10635,767,4280,5047
715,2012-12-16,Winter,2012,Desember,0,Minggu,Workday,Cloudy_Misty,14.862499999999999,15.167458,83.875,0.100742,538,3248,3786
716,2012-12-17,Winter,2012,Desember,0,Senin,Holiday,Cloudy_Misty,16.126653,16.4615,90.7083,0.0982583,212,4373,4585
717,2012-12-18,Winter,2012,Desember,0,Selasa,Holiday,Clear,16.844153,16.798028000000002,66.625,0.221404,433,5124,5557
718,2012-12-19,Winter,2012,Desember,0,Rabu,Holiday,Clear,13.6325,14.028642000000001,62.5417,0.184092,333,4934,5267
719,2012-12-20,Winter,2012,Desember,0,Kamis,Holiday,Cloudy_Misty,13.530000000000001,13.743896999999999,66.79169999999999,0.132463,314,3814,4128
720,2012-12-21,Spring,2012,Desember,0,Jumat,Holiday,Cloudy_Misty,13.393346999999999,12.372447000000001,55.666700000000006,0.374383,221,3402,3623
721,2012-12-22,Spring,2012,Desember,0,Sabtu,Workday,Clear,10.899153,9.680633,44.125,0.407346,205,1544,1749
722,2012-12-23,Spring,2012,Desember,0,Minggu,Workday,Clear,10.079153,10.638311,51.5417,0.133083,408,1379,1787
723,2012-12-24,Spring,2012,Desember,0,Senin,Holiday,Cloudy_Misty,9.483464,10.6149,79.1304,0.0772304,174,746,920
724,2012-12-25,Spring,2012,Desember,1,Selasa,Workday,Cloudy_Misty,11.943464,12.073065,73.47829999999999,0.168726,440,573,1013
725,2012-12-26,Spring,2012,Desember,0,Rabu,Holiday,Light_rain_snow,9.976652999999999,9.033653,82.3333,0.316546,9,432,441
726,2012-12-27,Spring,2012,Desember,0,Kamis,Holiday,Cloudy_Misty,10.420846999999998,9.292322,65.29169999999999,0.350133,247,1867,2114
727,2012-12-28,Spring,2012,Desember,0,Jumat,Holiday,Cloudy_Misty,10.386652999999999,10.456885999999999,59.0,0.155471,644,2451,3095
728,2012-12-29,Spring,2012,Desember,0,Sabtu,Workday,Cloudy_Misty,10.386652999999999,9.9384,75.29169999999999,0.124383,159,1182,1341
729,2012-12-30,Spring,2012,Desember,0,Minggu,Workday,Clear,10.489152999999998,9.499699999999999,48.3333,0.350754,364,1432,1796
730,2012-12-31,Spring,2012,Desember,0,Senin,Holiday,Cloudy_Misty,8.849153,9.162967,57.75,0.154846,439,2290,2729
